
CREATE TABLE EaEncampments ('ID' INTEGER PRIMARY KEY AUTOINCREMENT,
							'Type' TEXT NOT NULL UNIQUE,
							'Description' TEXT DEFAULT NULL,			--This is tribe adjective to use; leave null to get adjective from EaBarbTribes
							'TribeAdjective' TEXT DEFAULT NULL,			--leave null to get adjective and encampment name from EaEncampments_TribeAdjectives table
							'UsePirateUnitNaming' BOOLEAN DEFAULT NULL,
							'PrereqTech' TEXT DEFAULT NULL,
							'RequiresCoastal' BOOLEAN DEFAULT NULL,	
							'UseWorldDensity' BOOLEAN DEFAULT NULL,			--rather than area density (used for sea units)
							'RequiredResource' TEXT DEFAULT NULL,
							'ResourceWeight' INTEGER DEFAULT 10,			--counts as this many plot specials
							'AdHocScore' INTEGER DEFAULT 0,			
							'NearbyPlotSpecial1' TEXT DEFAULT NULL,			--see types in EaBarbarians.lua
							'NearbyPlotSpecial2' TEXT DEFAULT NULL,
							'NearbyPlotSpecial3' TEXT DEFAULT NULL,
							'NearbyPlotSpecial4' TEXT DEFAULT NULL);

INSERT INTO EaEncampments (Type, Description,							TribeAdjective,						NearbyPlotSpecial1,	NearbyPlotSpecial2,	NearbyPlotSpecial3	) VALUES
('EA_ENCAMPMENT_WILDMEN',		'TXT_KEY_EA_ENCAMPMENT_WILDMEN',		'TXT_KEY_EA_ENCAMPMENT_WILDMEN_ADJ','Cold',				'Sea',				NULL				),
('EA_ENCAMPMENT_HORSETRIBE',	'TXT_KEY_EA_ENCAMPMENT_HORSETRIBE',		NULL,								'Plains',			'Grass',			NULL				),
('EA_ENCAMPMENT_ELEPHANTTRIBE',	'TXT_KEY_EA_ENCAMPMENT_ELEPHANTTRIBE',	NULL,								'Grass',			'Forest',			'Jungle'			),	--should get it in most cases near plot resource
('EA_ENCAMPMENT_PIRATES',		'TXT_KEY_EA_ENCAMPMENT_PIRATES',		'TXT_KEY_EA_ENCAMPMENT_PIRATES_ADJ','Sea',				NULL,				NULL				),	
('EA_ENCAMPMENT_ORCS',			'TXT_KEY_EA_ENCAMPMENT_ORCS',			NULL,								'Grass',			'River',			NULL				),	
('EA_ENCAMPMENT_GOBLINS',		'TXT_KEY_EA_ENCAMPMENT_GOBLINS',		NULL,								'Hill',				'Mountain',			'Forest'			),	
('EA_ENCAMPMENT_HOBGOBLINS',	'TXT_KEY_EA_ENCAMPMENT_HOBGOBLINS',		NULL,								'Jungle',			NULL,				NULL				),	
('EA_ENCAMPMENT_OGRES',			'TXT_KEY_EA_ENCAMPMENT_OGRES',			NULL,								'Plains',			'Grass',			NULL				),	
('EA_ENCAMPMENT_NAGAS',			'TXT_KEY_EA_ENCAMPMENT_NAGAS',			NULL,								'Desert',			NULL,				NULL				);

UPDATE EaEncampments SET RequiresCoastal = 1, UseWorldDensity = 1, PrereqTech = 'TECH_SAILING', AdHocScore = 15 WHERE Type = 'EA_ENCAMPMENT_PIRATES';
UPDATE EaEncampments SET RequiredResource = 'RESOURCE_HORSE' WHERE Type = 'EA_ENCAMPMENT_HORSETRIBE';
UPDATE EaEncampments SET RequiredResource = 'RESOURCE_ELEPHANT' WHERE Type = 'EA_ENCAMPMENT_ELEPHANTTRIBE';

CREATE TABLE EaEncampments_Upgrades ('EncampmentType' TEXT NOT NULL, 'UpgradeType' TEXT DEFAULT NULL);
INSERT INTO EaEncampments_Upgrades (EncampmentType,	UpgradeType) VALUES
('EA_ENCAMPMENT_WILDMEN',		'EA_ENCAMPMENT_PIRATES'),
('EA_ENCAMPMENT_HORSETRIBE',	'EA_ENCAMPMENT_PIRATES'),
('EA_ENCAMPMENT_ELEPHANTTRIBE',	'EA_ENCAMPMENT_PIRATES');

CREATE TABLE EaEncampments_TechAwardByTurn ('TechType' TEXT NOT NULL, 'Turn' INTEGER NOT NULL UNIQUE);
--This table can force an encampment upgrade (or base or roaming unit upgrade) as if barbs have learned a tech (barbs don't really learn tech but actual barb techs have no effect in mod anyway)

INSERT INTO EaEncampments_TechAwardByTurn (TechType,	Turn) VALUES
('TECH_ARCHERY',			70),	--turn number adjusted for map size and game speed
('TECH_BRONZE_WORKING',		80),
('TECH_SAILING',			90),
('TECH_TRACKING_TRAPPING',	100),
('TECH_HORSEBACK_RIDING',	110),
('TECH_MECHANICS',			120),	
('TECH_ALCHEMY',			130),
('TECH_IRON_WORKING',		140),
('TECH_CHEMISTRY',			150),
('TECH_WAR_HORSES',			160),
('TECH_SHIP_BUILDING',		170),
('TECH_WAR_ELEPHANTS',		180),
('TECH_BOWYERS',			190),
('TECH_MACHINERY',			260),
('TECH_NAVIGATION',			270),
('TECH_MARKSMANSHIP',		280),
('TECH_MITHRIL_WORKING',	290),
('TECH_MUMAKIL_RIDING',		300);


/*
CREATE TABLE EaBarbTribes (	'ID' INTEGER PRIMARY KEY AUTOINCREMENT,
							'Type' TEXT NOT NULL UNIQUE,
							'Description' TEXT DEFAULT NULL,
							'EaEncampmentType' TEXT NOT NULL);

INSERT INTO EaBarbTribes (Type,	Description,	EaEncampmentType) VALUES
('EABARBTRIBE_CIMMERIAN',	'TXT_KEY_EABARBTRIBE_CIMMERIAN',	'ENCAMPMENT_BARBARIANS'),
('EABARBTRIBE_KHAZAR',		'TXT_KEY_EABARBTRIBE_KHAZAR',		'ENCAMPMENT_HORSETRIBE'),
('EABARBTRIBE_AB',			'TXT_KEY_EABARBTRIBE_AB',			'ENCAMPMENT_ELEPHANTTRIBE');


CREATE TABLE EaEncampments_TribeAdjectives ('EncampmentType' TEXT NOT NULL, 'Adjective' TEXT DEFAULT NULL, 'EncampmentName' TEXT DEFAULT NULL);
INSERT INTO EaEncampments_TribeAdjectives (EncampmentType,	Adjective) VALUES
('ENCAMPMENT_BARBARIANS',	'Cimmerian'),
('ENCAMPMENT_HORSETRIBE',	'Khazar'),
('ENCAMPMENT_ELEPHANTTRIBE',	'Ab');
UPDATE EaEncampments_TribeAdjectives SET EncampmentName = 'TXT_KEY_EA_ENCAMPMENT';	--could use this to replace "Uygur Encampment" with "Uygur Settlement" or whatever
*/

--Order matters for the next 3 tables! The 1st and 2nd units encountered (and allowed by known techs) will be used for each given encompement type,
--so arange from strongest to weakest

CREATE TABLE EaEncampments_BaseUnits ('EncampmentType' TEXT NOT NULL, 'UnitType' TEXT NOT NULL, 'TechType' TEXT DEFAULT NULL);
INSERT INTO EaEncampments_BaseUnits (EncampmentType,	UnitType,	TechType) VALUES
('EA_ENCAMPMENT_WILDMEN',		'UNIT_MEDIUM_INFANTRY_BARB',	'TECH_IRON_WORKING'		),
('EA_ENCAMPMENT_WILDMEN',		'UNIT_AXMAN_BARB',				'TECH_IRON_WORKING'		),
('EA_ENCAMPMENT_WILDMEN',		'UNIT_LIGHT_INFANTRY_BARB',		'TECH_BRONZE_WORKING'	),
('EA_ENCAMPMENT_WILDMEN',		'UNIT_AXMAN_BARB',				'TECH_BRONZE_WORKING'	),
('EA_ENCAMPMENT_WILDMEN',		'UNIT_WARRIORS_BARB',			NULL					),
('EA_ENCAMPMENT_HORSETRIBE',	'UNIT_LIGHT_INFANTRY_MAN',		'TECH_BRONZE_WORKING'	),
('EA_ENCAMPMENT_HORSETRIBE',	'UNIT_ARCHERS_MAN',				'TECH_ARCHERY'			),
('EA_ENCAMPMENT_HORSETRIBE',	'UNIT_WARRIORS_MAN',			NULL					),
('EA_ENCAMPMENT_ELEPHANTTRIBE',	'UNIT_LIGHT_INFANTRY_BARB',		'TECH_BRONZE_WORKING'	),
('EA_ENCAMPMENT_ELEPHANTTRIBE',	'UNIT_ARCHERS_BARB',			'TECH_ARCHERY'			),
('EA_ENCAMPMENT_ELEPHANTTRIBE',	'UNIT_WARRIORS_BARB',			NULL					),
('EA_ENCAMPMENT_PIRATES',		'UNIT_ARQUEBUSSMEN_MAN',		'TECH_MACHINERY'		),
('EA_ENCAMPMENT_PIRATES',		'UNIT_MEDIUM_INFANTRY_BARB',	'TECH_IRON_WORKING'		),
('EA_ENCAMPMENT_PIRATES',		'UNIT_CROSSBOWMEN_MAN',			'TECH_MECHANICS'		),
('EA_ENCAMPMENT_PIRATES',		'UNIT_LIGHT_INFANTRY_BARB',		'TECH_BRONZE_WORKING'	),
('EA_ENCAMPMENT_PIRATES',		'UNIT_ARCHERS_BARB',			'TECH_SAILING'			),		--looks strange, but barb known tech needed here to trigger base unit update with encampment update
('EA_ENCAMPMENT_ORCS',			'UNIT_IMMORTALS_ORC',			'TECH_MITHRIL_WORKING'	),
('EA_ENCAMPMENT_ORCS',			'UNIT_HEAVY_INFANTRY_ORC',		'TECH_METAL_CASTING'	),
('EA_ENCAMPMENT_ORCS',			'UNIT_MEDIUM_INFANTRY_ORC',		'TECH_IRON_WORKING'		),
('EA_ENCAMPMENT_ORCS',			'UNIT_LIGHT_INFANTRY_ORC',		'TECH_BRONZE_WORKING'	),
('EA_ENCAMPMENT_ORCS',			'UNIT_WARRIORS_ORC',			NULL					),
('EA_ENCAMPMENT_GOBLINS',		'UNIT_MARKSMEN_GOBLIN',			'TECH_MARKSMANSHIP'		),
('EA_ENCAMPMENT_GOBLINS',		'UNIT_ARQUEBUSSMEN_GOBLIN',		'TECH_MACHINERY'		),
('EA_ENCAMPMENT_GOBLINS',		'UNIT_BOWMEN_GOBLIN',			'TECH_BOWYERS'			),
('EA_ENCAMPMENT_GOBLINS',		'UNIT_CROSSBOWMEN_GOBLIN',		'TECH_MECHANICS'		),
('EA_ENCAMPMENT_GOBLINS',		'UNIT_ARCHERS_GOBLIN',			'TECH_ARCHERY'			),
('EA_ENCAMPMENT_GOBLINS',		'UNIT_TRACKERS_GOBLIN',			'TECH_TRACKING_TRAPPING'),
('EA_ENCAMPMENT_GOBLINS',		'UNIT_WARRIORS_GOBLIN',			NULL					),
('EA_ENCAMPMENT_HOBGOBLINS',	'UNIT_HOBGOBLINS',				NULL					),
('EA_ENCAMPMENT_OGRES',			'UNIT_OGRES',					NULL					),
('EA_ENCAMPMENT_NAGAS',			'UNIT_NAGA_BLUE',				'TECH_IRON_WORKING'		),
('EA_ENCAMPMENT_NAGAS',			'UNIT_NAGA_GREEN',				NULL					);


--Lua assumes that roaming and sea units have unique association back to a specific encampmentID (unlike base units and their upgrades)
CREATE TABLE EaEncampments_RoamingUnits ('EncampmentType' TEXT NOT NULL, 'UnitType' TEXT NOT NULL, 'TechType' TEXT DEFAULT NULL);
INSERT INTO EaEncampments_RoamingUnits (EncampmentType,	UnitType,	TechType) VALUES
('EA_ENCAMPMENT_WILDMEN',		'UNIT_MEDIUM_INFANTRY_BARB',	'TECH_IRON_WORKING'		),
('EA_ENCAMPMENT_WILDMEN',		'UNIT_AXMAN_BARB',				'TECH_IRON_WORKING'		),
('EA_ENCAMPMENT_WILDMEN',		'UNIT_LIGHT_INFANTRY_BARB',		'TECH_BRONZE_WORKING'	),
('EA_ENCAMPMENT_WILDMEN',		'UNIT_AXMAN_BARB',				'TECH_BRONZE_WORKING'	),
('EA_ENCAMPMENT_WILDMEN',		'UNIT_WARRIORS_BARB',			NULL					),
('EA_ENCAMPMENT_HORSETRIBE',	'UNIT_SAGITARII_MAN',			'TECH_MACHINERY'		),	--seems weird but we just need a high level tech
('EA_ENCAMPMENT_HORSETRIBE',	'UNIT_BOWED_CAVALRY_MAN',		'TECH_BOWYERS'			),
('EA_ENCAMPMENT_HORSETRIBE',	'UNIT_EQUITES_MAN',				'TECH_WAR_HORSES'		),
('EA_ENCAMPMENT_HORSETRIBE',	'UNIT_HORSE_ARCHERS_MAN',		'TECH_ARCHERY'			),
('EA_ENCAMPMENT_HORSETRIBE',	'UNIT_HORSEMEN_MAN',			NULL					),	--Replace with BNW's UNIT_BARBARIAN_HORSEMAN below
('EA_ENCAMPMENT_ELEPHANTTRIBE',	'UNIT_MUMAKIL',					'TECH_MUMAKIL_RIDING'	),
('EA_ENCAMPMENT_ELEPHANTTRIBE',	'UNIT_WAR_ELEPHANTS',			'TECH_WAR_ELEPHANTS'	),
('EA_ENCAMPMENT_ELEPHANTTRIBE',	'UNIT_MOUNTED_ELEPHANTS',		NULL					),
('EA_ENCAMPMENT_ORCS',			'UNIT_IMMORTALS_ORC',			'TECH_MITHRIL_WORKING'	),
('EA_ENCAMPMENT_ORCS',			'UNIT_HEAVY_INFANTRY_ORC',		'TECH_METAL_CASTING'	),
('EA_ENCAMPMENT_ORCS',			'UNIT_MEDIUM_INFANTRY_ORC',		'TECH_IRON_WORKING'		),
('EA_ENCAMPMENT_ORCS',			'UNIT_LIGHT_INFANTRY_ORC',		'TECH_BRONZE_WORKING'	),
('EA_ENCAMPMENT_ORCS',			'UNIT_WARRIORS_ORC',			NULL					),
('EA_ENCAMPMENT_GOBLINS',		'UNIT_WARG_RIDERS_GOBLIN',		'TECH_WAR_HORSES'		),
('EA_ENCAMPMENT_GOBLINS',		'UNIT_ARQUEBUSSMEN_GOBLIN',		'TECH_MACHINERY'		),
('EA_ENCAMPMENT_GOBLINS',		'UNIT_CROSSBOWMEN_GOBLIN',		'TECH_MECHANICS'		),
('EA_ENCAMPMENT_GOBLINS',		'UNIT_WOLF_RIDERS_GOBLIN',		'TECH_HORSEBACK_RIDING'	),
('EA_ENCAMPMENT_GOBLINS',		'UNIT_ARCHERS_GOBLIN',			'TECH_ARCHERY'			),
('EA_ENCAMPMENT_GOBLINS',		'UNIT_TRACKERS_GOBLIN',			'TECH_TRACKING_TRAPPING'),
('EA_ENCAMPMENT_GOBLINS',		'UNIT_WARRIORS_GOBLIN',			NULL					),
('EA_ENCAMPMENT_HOBGOBLINS',	'UNIT_HOBGOBLINS',				NULL					),
('EA_ENCAMPMENT_OGRES',			'UNIT_OGRES',					NULL					),
('EA_ENCAMPMENT_NAGAS',			'UNIT_NAGA_BLUE',				'TECH_IRON_WORKING'		),
('EA_ENCAMPMENT_NAGAS',			'UNIT_NAGA_GREEN',				NULL					);


CREATE TABLE EaEncampments_SeaUnits ('EncampmentType' TEXT NOT NULL, 'UnitType' TEXT NOT NULL, 'TechType' TEXT DEFAULT NULL);
INSERT INTO EaEncampments_SeaUnits (EncampmentType,	UnitType,	TechType) VALUES
('EA_ENCAMPMENT_PIRATES',		'UNIT_GALLEONS',				'TECH_NAVIGATION'		),		
('EA_ENCAMPMENT_PIRATES',		'UNIT_QUINQUEREMES',			'TECH_SHIP_BUILDING'	),		
('EA_ENCAMPMENT_PIRATES',		'UNIT_CARRACKS',				'TECH_CHEMISTRY'		),		
('EA_ENCAMPMENT_PIRATES',		'UNIT_TRIREMES',				'TECH_IRON_WORKING'		),	
('EA_ENCAMPMENT_PIRATES',		'UNIT_DROMONS',					'TECH_ALCHEMY'			),		
('EA_ENCAMPMENT_PIRATES',		'UNIT_GALLEYS',					'TECH_BRONZE_WORKING'	),		
('EA_ENCAMPMENT_PIRATES',		'UNIT_GALLEYS_PIRATES',			NULL					);


INSERT INTO EaDebugTableCheck(FileName) SELECT 'EaBarbarians.sql';

--UPDATE EaEncampments_RoamingUnits SET UnitType = 'UNIT_BARBARIAN_HORSEMAN' WHERE UnitType = 'UNIT_HORSEMAN' AND 'UNIT_BARBARIAN_HORSEMAN' IN (SELECT Type FROM Units);
