
--This file defines EaCivilizations, which are not exactly the same as Civ5 civilizations.
--Real Civ5 Civilizations are built entirely by SQL using data from this file (so Civilizations.sql must run after this file).


CREATE TABLE EaCivs (	'ID' INTEGER PRIMARY KEY AUTOINCREMENT,	
						'Type' TEXT NOT NULL UNIQUE,
						'EaCivString' TEXT DEFAULT NULL,
						'Description' TEXT DEFAULT NULL,			-- will be same in Civilizations table
						'ShortDescription' TEXT DEFAULT NULL,		-- will be same in Civilizations table
						'Adjective' TEXT DEFAULT NULL,				-- will be same in Civilizations table
						'CivilopediaTag' TEXT DEFAULT NULL,			-- will be same in Civilizations table
						'Help' TEXT DEFAULT NULL,	
						'Quote'	TEXT DEFAULT NULL,
						'SpecialTriggerText' TEXT DEFAULT NULL,	-- use only for extra Lua trigger
						'DefaultPlayerColor' TEXT DEFAULT NULL,
						'PopupText' TEXT DEFAULT NULL,
						'PopupImage' TEXT DEFAULT NULL,
						'CapitalName' TEXT DEFAULT NULL,
						'IconAtlas' TEXT DEFAULT NULL,
						'PortraitIndex' INTEGER DEFAULT 0,
						--Prereqs (any civ can also have Lua Req and/or Do functions; these are in EaCivNaming.lua and not listed here)
						'KnownTech' TEXT DEFAULT NULL,
						'AndKnownTech' TEXT DEFAULT NULL,
						'AdoptedPolicy' TEXT DEFAULT NULL,
						'OrAdoptedPolicy1' TEXT DEFAULT NULL,
						'OrAdoptedPolicy2' TEXT DEFAULT NULL,
						'AndAdoptedPolicy' TEXT DEFAULT NULL,
						'BuildingType' TEXT DEFAULT NULL,
						'UnitClass' TEXT DEFAULT NULL,
						'OrUnitClass' TEXT DEFAULT NULL,		--note: used for race variations; or's are NOT shown in UI
						'OrUnitClass2' TEXT DEFAULT NULL,
						'UnitNumber' INTEGER DEFAULT NULL,
						'CapitalNearbyResourceType' TEXT DEFAULT NULL,
						'OrCapitalNearbyResourceType' TEXT DEFAULT NULL,
						'CapitalNearbyResourceNumber' INTEGER DEFAULT NULL,
						'ImprovedResType' TEXT DEFAULT NULL,
						'OrImprovedResType' TEXT DEFAULT NULL,
						'ImprovedResNumber' INTEGER DEFAULT NULL,
						'ImprovementType' TEXT DEFAULT NULL,
						'OrImprovementType' TEXT DEFAULT NULL,
						'ImprovementNumber' INTEGER DEFAULT NULL,
						--effects (all civs have an automatically generated trait in Traits table in Civilizations.sql; add trait effectS there)
						'FoundingGPClass' TEXT DEFAULT NULL,	
						'FoundingGPSubclass' TEXT DEFAULT NULL,	
						'FoundingGPType' TEXT DEFAULT NULL,			--class or subclass must be defined
						'FavoredGPClass' TEXT DEFAULT NULL,	
						'GainPolicy' TEXT DEFAULT NULL,				--either normal policy or "hidden policies" that drive many effects (this is the most common effect)
						'GainTech' TEXT DEFAULT NULL,			
						'GainCapitalBuilding' TEXT DEFAULT NULL,
						'PopResourceNearCapital' TEXT DEFAULT NULL,
						'FavoredTechExtraReduction' INTEGER DEFAULT 0,
						'XPBoostFromManaUse' INTEGER DEFAULT 0,
						'KnowlMaintModifier' INTEGER DEFAULT 0,
						--AI
						'AIMercHire' INTEGER DEFAULT 0);			-- -100 for supplier; +value is gold treasury needed before civ considers hiring


----------------------------------------------------------------------------------------------------
-- Civ "naming" traits (tier 1) - priority to 1st if conditions met simultaniously
----------------------------------------------------------------------------------------------------

--INSERT INTO EaCivs (Type,		Description,						CivAdjective,						Tier,	Race)
--SELECT 'EACIV_TIRINNANOC',	'TXT_KEY_EA_CIV_THE_FAY',	'TXT_KEY_EA_CIV_THE_FAY',	1,		'EARACE_FAY';


-- special triggers


-- tech triggers
INSERT INTO EaCivs (Type,	PopupImage,									DefaultPlayerColor,			KnownTech,					FavoredGPClass,	GainPolicy,						GainCapitalBuilding) VALUES
('EACIV_HIPPUS',			'testbackground_1.17_856x700.dds',			'PLAYERCOLOR_CHINA',		'TECH_HORSEBACK_RIDING',	'Merchant',		'POLICY_MERCENARIES',			NULL							),
('EACIV_IKKOS',				'testbackground_1.17_856x700.dds',			'PLAYERCOLOR_EGYPT',		'TECH_HORSEBACK_RIDING',	'Warrior',		NULL,							'BUILDING_IKKOS'				),
('EACIV_AB',				'testbackground_1.17_856x700.dds',			'PLAYERCOLOR_ENGLAND',		'TECH_ELEPHANT_LABOR',		NULL,			NULL,							'BUILDING_AB'					),
('EACIV_FIR_BOLG',			'testbackground_1.17_856x700.dds',			'PLAYERCOLOR_FRANCE',		'TECH_ANIMAL_HUSBANDRY',	NULL,			NULL,							NULL							),
('EACIV_CRUITHNI',			'testbackground_1.17_856x700.dds',			'PLAYERCOLOR_GERMANY',		'TECH_TRACKING_TRAPPING',	NULL,			NULL,							NULL							),
('EACIV_CRECY',				'testbackground_1.17_856x700.dds',			'PLAYERCOLOR_GREECE',		'TECH_ARCHERY',				'Warrior',		NULL,							NULL							),
('EACIV_DAGGOO',			'testbackground_1.17_856x700.dds',			'PLAYERCOLOR_INDIA',		'TECH_HARPOONS',			NULL,			NULL,							NULL							),
('EACIV_FOMHOIRE',			'testbackground_1.17_856x700.dds',			'PLAYERCOLOR_JAPAN',		'TECH_SAILING',				NULL,			NULL,							NULL							),
('EACIV_PARAKHORA',			'testbackground_1.17_856x700.dds',			'PLAYERCOLOR_OTTOMAN',		'TECH_MILLING',				NULL,			'POLICY_EACIV_PARAKHORA',		NULL							),
('EACIV_NEITH',				'testbackground_1.17_856x700.dds',			'PLAYERCOLOR_OTTOMAN',		'TECH_WEAVING',				'Merchant',		NULL,							NULL							),	
('EACIV_ELEUTHERIOS',		'testbackground_1.17_856x700.dds',			'PLAYERCOLOR_ARABIA',		'TECH_ZYMURGY',				'Merchant',		NULL,							NULL							),
('EACIV_NINKASI',			'testbackground_1.17_856x700.dds',			'PLAYERCOLOR_PERSIA',		'TECH_ZYMURGY',				'Artist',		NULL,							NULL							),
('EACIV_GIRNAR',			'testbackground_1.17_856x700.dds',			'PLAYERCOLOR_ROME',			'TECH_IRRIGATION',			NULL,			NULL,							NULL							),	--do something with G&K dutch improv
('EACIV_ALDEBAR',			'testbackground_1.17_856x700.dds',			'PLAYERCOLOR_RUSSIA',		'TECH_CALENDAR',			NULL,			NULL,							NULL							),
('EACIV_ANAPHORA',			'testbackground_1.17_856x700.dds',			'PLAYERCOLOR_AZTEC',		'TECH_DIVINE_LITURGY',		'Devout',		NULL,							NULL							),
('EACIV_ISALLIN',			'testbackground_1.17_856x700.dds',			'PLAYERCOLOR_SIAM',			'TECH_DIVINE_LITURGY',		'Devout',		NULL,							NULL							),
('EACIV_STYGIA',			'testbackground_1.17_856x700.dds',			'PLAYERCOLOR_BYZANTIUM',	'TECH_MALEFICIUM',			'Thaumaturge',	NULL,							NULL							),
('EACIV_MORIQUENDI',		'testbackground_1.17_856x700.dds',			'PLAYERCOLOR_AMERICA',		'TECH_MALEFICIUM',			'Thaumaturge',	NULL,							NULL							),	
('EACIV_LEMURIA',			'testbackground_1.17_856x700.dds',			'PLAYERCOLOR_AMERICA',		'TECH_THAUMATURGY',			'Thaumaturge',	'POLICY_EACIV_LEMURIA',			NULL							),	
('EACIV_AXAGORIA',			'testbackground_1.17_856x700.dds',			'PLAYERCOLOR_CARTHAGE',		'TECH_PHILOSOPHY',			'Sage',			'POLICY_EACIV_AXAGORIA',		NULL							),
('EACIV_PALARE',			'testbackground_1.17_856x700.dds',			'PLAYERCOLOR_ETHIOPIA',		'TECH_DRAMA',				'Artist',		'POLICY_EACIV_CEASSAIR',			NULL							),
('EACIV_LAGAD',				'testbackground_1.17_856x700.dds',			'PLAYERCOLOR_MAYA',			'TECH_MATHEMATICS',			'Sage',			NULL,							NULL							),
('EACIV_MAMONAS',			'testbackground_1.17_856x700.dds',			'PLAYERCOLOR_NETHERLANDS',	'TECH_COINAGE',				'Merchant',		NULL,							'BUILDING_MAMONAS'				),
('EACIV_SOPHRONIA',			'testbackground_1.17_856x700.dds',			'PLAYERCOLOR_SWEDEN',		'TECH_MASONRY',				'Engineer',		'POLICY_EACIV_SOPHRONIA',		NULL							),
('EACIV_LUCHTAIN',			'testbackground_1.17_856x700.dds',			'PLAYERCOLOR_SPAIN',		'TECH_MASONRY',				'Engineer',		'POLICY_EACIV_LUCHTAIN',		NULL							),
('EACIV_VINCA',				'testbackground_1.17_856x700.dds',			'PLAYERCOLOR_ASSYRIA',		'TECH_BRONZE_WORKING',		'Engineer',		NULL,							NULL							),
('EACIV_GOBANN',			'testbackground_1.17_856x700.dds',			'PLAYERCOLOR_BRAZIL',		'TECH_BRONZE_WORKING',		'Engineer',		NULL,							NULL							);

--('EACIV_UR',				'testbackground_1.17_856x700.dds',			'PLAYERCOLOR_INDONESIA','TECH_DEEP_MINING',			NULL,			NULL,							NULL							),
--('EACIV_ORKAHAUGR',		'testbackground_1.17_856x700.dds',			'PLAYERCOLOR_MOROCCO',	'TECH_DEEP_ROADS',			NULL,			NULL,							NULL							);

UPDATE EaCivs SET AdoptedPolicy = 'POLICY_COMMERCE', AIMercHire = -100 WHERE Type = 'EACIV_HIPPUS';
UPDATE EaCivs SET GainTech = 'TECH_ALLOW_ALL_WATER_PASSAGE' WHERE Type = 'EACIV_FOMHOIRE';
UPDATE EaCivs SET CapitalNearbyResourceType = 'RESOURCE_WINE', CapitalNearbyResourceNumber = 2, GainTech = 'TECH_OENOLOGY' WHERE Type = 'EACIV_ELEUTHERIOS';
UPDATE EaCivs SET GainTech = 'TECH_ALLOW_POLDER' WHERE Type = 'EACIV_GIRNAR';

UPDATE EaCivs SET CapitalNearbyResourceType = 'RESOURCE_INCENSE', CapitalNearbyResourceNumber = 2 WHERE Type = 'EACIV_ANAPHORA';

UPDATE EaCivs SET PopResourceNearCapital = 'RESOURCE_YEW' WHERE Type = 'EACIV_CRECY';	
UPDATE EaCivs SET PopResourceNearCapital = 'RESOURCE_STONE', FoundingGPClass = 'Engineer', FoundingGPType = 'EAPERSON_SOPHRONISCUS' WHERE Type = 'EACIV_SOPHRONIA';	
UPDATE EaCivs SET PopResourceNearCapital = 'RESOURCE_STONE', FoundingGPClass = 'Engineer', FoundingGPType = 'EAPERSON_LUCHTA' WHERE Type = 'EACIV_LUCHTAIN';	
UPDATE EaCivs SET PopResourceNearCapital = 'RESOURCE_COPPER' WHERE Type = 'EACIV_VINCA';	
UPDATE EaCivs SET FoundingGPClass = 'Engineer', FoundingGPType = 'EAPERSON_GOIBNIU' WHERE Type = 'EACIV_GOBANN';	
UPDATE EaCivs SET FavoredTechExtraReduction = -20 WHERE Type IN ('EACIV_AB', 'EACIV_LAGAD', 'EACIV_VINCA', 'EACIV_GOBANN');


-- policy triggers
INSERT INTO EaCivs (Type,	Quote,								PopupImage,								DefaultPlayerColor,		AdoptedPolicy,				FoundingGPClass,	FoundingGPSubclass,	FoundingGPType,		FavoredGPClass,	GainPolicy					) VALUES
('EACIV_REYNES',			NULL,								'testbackground_1.17_856x700.dds',		'PLAYERCOLOR_ARABIA',	'POLICY_ARISTOCRACY',		NULL,				NULL,				NULL,				NULL,			NULL						),	
('EACIV_BJARMALAND',		NULL,								'testbackground_1.17_856x700.dds',		'PLAYERCOLOR_AZTEC',	'POLICY_GUILDS',			NULL,				NULL,				NULL,				NULL,			NULL						),	
('EACIV_KAZA',				NULL,								'testbackground_1.17_856x700.dds',		'PLAYERCOLOR_CHINA',	'POLICY_CIVIL_SERVICE',		NULL,				NULL,				NULL,				NULL,			'POLICY_GRANERY_15PERC_FOOD'),
('EACIV_EOGANACHTA',		NULL,								'testbackground_1.17_856x700.dds',		'PLAYERCOLOR_EGYPT',	'POLICY_ARISTOCRACY',		NULL,				NULL,				NULL,				NULL,			'POLICY_GRANERY_15PERC_FOOD'),
('EACIV_SKOGR',				NULL,								'testbackground_1.17_856x700.dds',		'PLAYERCOLOR_ENGLAND',	'POLICY_ANIMAL_LORE',		NULL,				'Druid',			'EAPERSON_NAL',		'Devout',		NULL						),
('EACIV_BANBA',				NULL,								'testbackground_1.17_856x700.dds',		'PLAYERCOLOR_FRANCE',	'POLICY_ANIMAL_LORE',		NULL,				'Druid',			NULL,				'Devout',		NULL						),
('EACIV_ERIU',				NULL,								'testbackground_1.17_856x700.dds',		'PLAYERCOLOR_GERMANY',	'POLICY_WOODS_LORE',		NULL,				'Druid',			'EAPERSON_ERIU',	'Devout',		NULL						),
('EACIV_FODLA',				NULL,								'testbackground_1.17_856x700.dds',		'PLAYERCOLOR_GREECE',	'POLICY_EARTH_LORE',		NULL,				'Druid',			'EAPERSON_FODLA',	'Devout',		NULL						),	
('EACIV_YESOD',				NULL,								'testbackground_1.17_856x700.dds',		'PLAYERCOLOR_PORTUGAL',	'POLICY_WAY_OF_THE_WISE',	NULL,				'Priest',			NULL,				'Devout',		NULL						),
('EACIV_NETZACH',			NULL,								'testbackground_1.17_856x700.dds',		'PLAYERCOLOR_SHOSHONE',	'POLICY_MYSTICISM',			NULL,				'Priest',			NULL,				'Devout',		'POLICY_EACIV_NETZACH'		),
('EACIV_HOD',				NULL,								'testbackground_1.17_856x700.dds',		'PLAYERCOLOR_POLAND',	'POLICY_PRIESTHOOD',		NULL,				'Priest',			NULL,				'Devout',		'POLICY_EACIV_HOD'			),
('EACIV_O',					NULL,								'testbackground_1.17_856x700.dds',		'PLAYERCOLOR_INDIA',	'POLICY_ARCANE_TRADITION',	NULL,				'Wizard',			NULL,				'Thaumaturge',	'POLICY_CAPITAL_5_FAITH'	),
('EACIV_MU',				NULL,								'testbackground_1.17_856x700.dds',		'PLAYERCOLOR_MOROCCO',	'POLICY_ARCANE_TRADITION',	NULL,				'Wizard',			NULL,				'Thaumaturge',	'POLICY_CAPITAL_5_FAITH'	),	
('EACIV_GRAEAE',			'TXT_KEY_EA_CIV_GRAEAE_QUOTE',		'testbackground_1.17_856x700.dds',		'PLAYERCOLOR_JAPAN',	'POLICY_WITCHCRAFT',		NULL,				'Witch',			NULL,				'Thaumaturge',	NULL						),
('EACIV_NEZELIBA',			NULL,								'testbackground_1.17_856x700.dds',		'PLAYERCOLOR_OTTOMAN',	'POLICY_SLAVE_TRADE',		NULL,				NULL,				NULL,				NULL,			NULL						),
('EACIV_GAZIYA',			NULL,								'testbackground_1.17_856x700.dds',		'PLAYERCOLOR_PERSIA',	'POLICY_SLAVE_RAIDERS',		NULL,				NULL,				NULL,				NULL,			NULL						),	
('EACIV_NEMEDIA',			NULL,								'testbackground_1.17_856x700.dds',		'PLAYERCOLOR_ROME',		'POLICY_DISCIPLINE',		'Warrior',			NULL,				'EAPERSON_NEMED',	'Warrior',		NULL						),
('EACIV_MILESIA',			NULL,								'testbackground_1.17_856x700.dds',		'PLAYERCOLOR_RUSSIA',	'POLICY_WARCRAFT',			'Warrior',			NULL,				NULL,				'Warrior',		'POLICY_GOLD_FROM_KILLS'	),	
('EACIV_ULFHETHNAR',		NULL,								'testbackground_1.17_856x700.dds',		'PLAYERCOLOR_SIAM',		'POLICY_WARSPIRIT',			NULL,				'Berserker',		NULL,				'Warrior',		NULL						),	
('EACIV_MORRIGNA',			NULL,								'testbackground_1.17_856x700.dds',		'PLAYERCOLOR_SONGHAI',	'POLICY_DISCIPLINE',		'Warrior',			NULL,				'EAPERSON_MORRIGAN','Warrior',		NULL						),	
('EACIV_MACHAE',			NULL,								'testbackground_1.17_856x700.dds',		'PLAYERCOLOR_AUSTRIA',	'POLICY_WARCRAFT',			'Warrior',			NULL,				NULL,				'Warrior',		'POLICY_GOLD_FROM_KILLS'	),	
('EACIV_BODWA',				NULL,								'testbackground_1.17_856x700.dds',		'PLAYERCOLOR_BYZANTIUM','POLICY_WARSPIRIT',			NULL,				'Berserker',		'EAPERSON_BADB',	'Warrior',		NULL						),	
--('EACIV_MORD',			NULL,								'testbackground_1.17_856x700.dds',		'PLAYERCOLOR_AMERICA',	'POLICY_MILITARISM',		'Warrior',			NULL,				NULL,				'Warrior',		NULL						),
('EACIV_THEANON',			NULL,								'testbackground_1.17_856x700.dds',		'PLAYERCOLOR_CARTHAGE',	'POLICY_SCHOLASTICISM',		'Sage',				NULL,				'EAPERSON_THEONO',	'Sage',			NULL						),
('EACIV_SAGUENAY',			NULL,								'testbackground_1.17_856x700.dds',		'PLAYERCOLOR_CELTS',	'POLICY_FOLKART',			'Artist',			NULL,				NULL,				'Artist',		NULL						),	
('EACIV_ALBION',			NULL,								'testbackground_1.17_856x700.dds',		'PLAYERCOLOR_ETHIOPIA',	'POLICY_FOLKLORE',			'Artist',			NULL,				NULL,				'Artist',		'POLICY_1C_VARIOUS_BUILDINGS'),	
('EACIV_TIR_ECNE',			NULL,								'testbackground_1.17_856x700.dds',		'PLAYERCOLOR_MAYA',		'POLICY_SCHOLASTICISM',		'Sage',				NULL,				'EAPERSON_ECNE',	'Sage',			NULL						),	
('EACIV_NOUDONT',			NULL,								'testbackground_1.17_856x700.dds',		'PLAYERCOLOR_NETHERLANDS','POLICY_FOLKART',			'Artist',			NULL,				NULL,				'Artist',		NULL						),
('EACIV_AES_DANA',			NULL,								'testbackground_1.17_856x700.dds',		'PLAYERCOLOR_SWEDEN',	'POLICY_FOLKLORE',			'Artist',			NULL,				'EAPERSON_DANU',	'Artist',		'POLICY_1C_VARIOUS_BUILDINGS'),
('EACIV_SUDDENE',			NULL,								'testbackground_1.17_856x700.dds',		'PLAYERCOLOR_SPAIN',	'POLICY_MERCANTILISM',		'Merchant',			NULL,				NULL,				'Merchant',		NULL						),
('EACIV_PARTHOLON',			NULL,								'testbackground_1.17_856x700.dds',		'PLAYERCOLOR_BRAZIL',	'POLICY_CULTURAL_DIPLOMACY','Merchant',			NULL,				'EAPERSON_PARTHOLON','Merchant',	NULL						),
('EACIV_DAL_FIATACH',		NULL,								'testbackground_1.17_856x700.dds',		'PLAYERCOLOR_INDONESIA','POLICY_MERCANTILISM',		'Merchant',			NULL,				'EAPERSON_AINE',	'Merchant',		NULL						),	
('EACIV_DAIRINE',			NULL,								'testbackground_1.17_856x700.dds',		'PLAYERCOLOR_MOROCCO',	'POLICY_CULTURAL_DIPLOMACY','Merchant',			NULL,				'EAPERSON_ETAIN',	'Merchant',		NULL						),	
('EACIV_MOR',				NULL,								'testbackground_1.17_856x700.dds',		'PLAYERCOLOR_POLAND',	'POLICY_MERCENARIES',		'Merchant',			NULL,				NULL,				'Merchant',		NULL						),	
('EACIV_DOKKALFAR',			NULL,								'testbackground_1.17_856x700.dds',		'PLAYERCOLOR_PORTUGAL',	'POLICY_DOMINIONISM',		NULL,				NULL,				NULL,				NULL,			NULL						),	
('EACIV_LJOSALFAR',			NULL,								'testbackground_1.17_856x700.dds',		'PLAYERCOLOR_VENICE',	'POLICY_PANTHEISM',			NULL,				NULL,				NULL,				NULL,			NULL						),	
('EACIV_SEGOYIM',			NULL,								'testbackground_1.17_856x700.dds',		'PLAYERCOLOR_ZULU',		'POLICY_PANTHEISM',			NULL,				'Wizard',			NULL,				'Thaumaturge',	'POLICY_EACIV_SEGOYIM'		);

UPDATE EaCivs SET OrAdoptedPolicy1 = 'POLICY_GUILDS', OrAdoptedPolicy2 = 'POLICY_CIVIL_SERVICE'  WHERE Type = 'EACIV_EOGANACHTA';
UPDATE EaCivs SET OrAdoptedPolicy1 = 'POLICY_WOODS_LORE', OrAdoptedPolicy2 = 'POLICY_EARTH_LORE'  WHERE Type = 'EACIV_SKOGR';
UPDATE EaCivs SET OrAdoptedPolicy1 = 'POLICY_SOCIO_ARCANA' WHERE Type IN ('EACIV_O', 'EACIV_MU');
UPDATE EaCivs SET OrAdoptedPolicy1 = 'POLICY_DEBT_BONDAGE' WHERE Type = 'EACIV_NEZELIBA';
UPDATE EaCivs SET AndAdoptedPolicy = 'POLICY_SLAVERY' WHERE Type = 'EACIV_DOKKALFAR';
UPDATE EaCivs SET AndAdoptedPolicy = 'POLICY_TRADITION' WHERE Type = 'EACIV_LJOSALFAR';
UPDATE EaCivs SET AndAdoptedPolicy = 'POLICY_ARCANA' WHERE Type = 'EACIV_SEGOYIM';

UPDATE EaCivs SET XPBoostFromManaUse = 50 WHERE Type IN ('EACIV_O', 'EACIV_MU', 'EACIV_SEGOYIM', 'EACIV_YESOD');
UPDATE EaCivs SET KnowlMaintModifier = -20 WHERE Type IN ('EACIV_THEANON', 'EACIV_TIR_ECNE');

--improvement/resource triggers
INSERT INTO EaCivs (Type,	PopupImage,								DefaultPlayerColor,		ImprovementType,				OrImprovementType,			ImprovementNumber,	CapitalNearbyResourceType,	OrCapitalNearbyResourceType,	CapitalNearbyResourceNumber,	FavoredGPClass,	GainPolicy	) VALUES
('EACIV_HY_BREASIL',		'testbackground_1.17_856x700.dds',		'PLAYERCOLOR_GERMANY',	'IMPROVEMENT_FISHING_BOATS',	'IMPROVEMENT_WHALING_BOATS',2,					'RESOURCE_FISH',			'RESOURCE_WHALE',				2,								'Merchant',		NULL		),
('EACIV_MAYD',				'testbackground_1.17_856x700.dds',		'PLAYERCOLOR_CHINA',	'IMPROVEMENT_FISHING_BOATS',	NULL,						2,					'RESOURCE_PEARLS',			'RESOURCE_CRAB',				2,								'Merchant',		NULL		),
('EACIV_GERZAH',			'testbackground_1.17_856x700.dds',		'PLAYERCOLOR_ARABIA',	'IMPROVEMENT_MINE',				'IMPROVEMENT_MINE_2',		2,					'RESOURCE_COPPER',			'RESOURCE_IRON',				2,								'Engineer',		NULL		),
('EACIV_AGARTHA',			'testbackground_1.17_856x700.dds',		'PLAYERCOLOR_GREECE',	'IMPROVEMENT_MINE',				'IMPROVEMENT_MINE_2',		2,					NULL,						NULL,							NULL,							'Engineer',		NULL		),
('EACIV_EBOR',				'testbackground_1.17_856x700.dds',		'PLAYERCOLOR_ENGLAND',	'IMPROVEMENT_CAMP',				NULL,						2,					'RESOURCE_ELEPHANT',		NULL,							3,								'Warrior',		NULL		);

-- building triggers
INSERT INTO EaCivs (Type,	PopupImage,								DefaultPlayerColor,		BuildingType,			FavoredGPClass,	GainPolicy			) VALUES
('EACIV_CEASSAIR',			'testbackground_1.17_856x700.dds',		'PLAYERCOLOR_AZTEC',	'BUILDING_MONUMENT',	NULL,			NULL				),
('EACIV_YS',				'testbackground_1.17_856x700.dds',		'PLAYERCOLOR_VENICE',	'BUILDING_LIBRARY',		'Sage',			'POLICY_EACIV_YS'	),
('EACIV_TYRE',				'testbackground_1.17_856x700.dds',		'PLAYERCOLOR_ZULU',		'BUILDING_MARKETPLACE',	'Merchant',		NULL				);

-- unit triggers
INSERT INTO EaCivs (Type,	PopupImage,								DefaultPlayerColor,		UnitClass,						OrUnitClass,						OrUnitClass2,					UnitNumber,	FavoredGPClass	) VALUES
('EACIV_SISUKAS',			'testbackground_1.17_856x700.dds',		'PLAYERCOLOR_EGYPT',	'UNITCLASS_WARRIORS_MAN',		'UNITCLASS_WARRIORS_SIDHE',			'UNITCLASS_WARRIORS_ORC',		2,			'Warrior'		),
('EACIV_ITH',				'testbackground_1.17_856x700.dds',		'PLAYERCOLOR_ZULU',		'UNITCLASS_SCOUTS_MAN',			'UNITCLASS_SCOUTS_SIDHE',			'UNITCLASS_SCOUTS_ORC',			2,			NULL			),
('EACIV_PHRYGES',			'testbackground_1.17_856x700.dds',		'PLAYERCOLOR_FRANCE',	'UNITCLASS_CHARIOTS_MAN',		'UNITCLASS_CHARIOTS_SIDHE',			NULL,							1,			'Warrior'		);

UPDATE EaCivs SET KnowlMaintModifier = -33 WHERE Type = 'EACIV_YS';



--Build out table from EaCivString
UPDATE EaCivs SET EaCivString = REPLACE(Type, 'EACIV_', '');
UPDATE EaCivs SET Description = 'TXT_KEY_EA_CIV_' || EaCivString, CapitalName = 'TXT_KEY_EA_CAPITAL_' || EaCivString;
UPDATE EaCivs SET Help = Description || '_HELP';
UPDATE EaCivs SET ShortDescription = Description, Adjective = Description, CivilopediaTag = Description || '_PEDIA';			--TO DO: Add these as separate txt keys


UPDATE EaCivs SET PortraitIndex = 5, IconAtlas = 'EXPANSION_CIV_COLOR_ATLAS';		--until these are added above

CREATE TABLE EaCiv_Races ('EaCivNameType' TEXT NOT NULL, 'EaRace' TEXT NOT NULL);
INSERT INTO EaCiv_Races (EaCivNameType, EaRace) VALUES
('EACIV_HIPPUS',		'EARACE_MAN'),
('EACIV_IKKOS',			'EARACE_MAN'),
('EACIV_IKKOS',			'EARACE_SIDHE'),
('EACIV_AB',			'EARACE_MAN'),
('EACIV_AB',			'EARACE_SIDHE'),
('EACIV_AB',			'EARACE_HELDEOFOL'),
('EACIV_FIR_BOLG',		'EARACE_MAN'),
('EACIV_FIR_BOLG',		'EARACE_SIDHE'),
('EACIV_CRUITHNI',		'EARACE_MAN'),
('EACIV_CRUITHNI',		'EARACE_SIDHE'),
('EACIV_CRUITHNI',		'EARACE_HELDEOFOL'),
('EACIV_CRECY',			'EARACE_MAN'),
('EACIV_CRECY',			'EARACE_SIDHE'),
('EACIV_DAGGOO',		'EARACE_MAN'),
('EACIV_DAGGOO',		'EARACE_SIDHE'),
('EACIV_FOMHOIRE',		'EARACE_MAN'),
('EACIV_FOMHOIRE',		'EARACE_SIDHE'),
('EACIV_PARAKHORA',		'EARACE_MAN'),
('EACIV_NEITH',			'EARACE_MAN'),
('EACIV_NEITH',			'EARACE_SIDHE'),
('EACIV_ELEUTHERIOS',	'EARACE_MAN'),
('EACIV_ELEUTHERIOS',	'EARACE_SIDHE'),
('EACIV_NINKASI',		'EARACE_MAN'),
('EACIV_NINKASI',		'EARACE_SIDHE'),
('EACIV_GIRNAR',		'EARACE_MAN'),
('EACIV_ALDEBAR',		'EARACE_MAN'),
('EACIV_ALDEBAR',		'EARACE_SIDHE'),
('EACIV_ANAPHORA',		'EARACE_MAN'),
('EACIV_ISALLIN',		'EARACE_MAN'),
('EACIV_STYGIA',		'EARACE_MAN'),
('EACIV_STYGIA',		'EARACE_HELDEOFOL'),
('EACIV_MORIQUENDI',	'EARACE_SIDHE'),
('EACIV_LEMURIA',		'EARACE_MAN'),
('EACIV_LEMURIA',		'EARACE_SIDHE'),
('EACIV_AXAGORIA',		'EARACE_MAN'),
('EACIV_AXAGORIA',		'EARACE_SIDHE'),
('EACIV_CEASSAIR',		'EARACE_MAN'),
('EACIV_CEASSAIR',		'EARACE_SIDHE'),
('EACIV_LAGAD',			'EARACE_MAN'),
('EACIV_LAGAD',			'EARACE_SIDHE'),
('EACIV_MAMONAS',		'EARACE_MAN'),
('EACIV_MAMONAS',		'EARACE_SIDHE'),
('EACIV_SOPHRONIA',		'EARACE_MAN'),
('EACIV_LUCHTAIN',		'EARACE_SIDHE'),
('EACIV_VINCA',			'EARACE_MAN'),
('EACIV_GOBANN',		'EARACE_SIDHE'),
--('EACIV_UR',			'EARACE_MAN'),
--('EACIV_UR',			'EARACE_SIDHE'),
--('EACIV_ORKAHAUGR',		'EARACE_HELDEOFOL'),
('EACIV_REYNES',		'EARACE_MAN'),
('EACIV_BJARMALAND',	'EARACE_MAN'),
('EACIV_KAZA',			'EARACE_MAN'),
('EACIV_EOGANACHTA',	'EARACE_SIDHE'),
('EACIV_SKOGR',			'EARACE_MAN'),
('EACIV_BANBA',			'EARACE_SIDHE'),
('EACIV_ERIU',			'EARACE_SIDHE'),
('EACIV_FODLA',			'EARACE_SIDHE'),
('EACIV_YESOD',			'EARACE_MAN'),
('EACIV_NETZACH',		'EARACE_MAN'),
('EACIV_HOD',			'EARACE_MAN'),
('EACIV_O',				'EARACE_MAN'),
('EACIV_MU',			'EARACE_SIDHE'),
('EACIV_GRAEAE',		'EARACE_MAN'),
('EACIV_GRAEAE',		'EARACE_SIDHE'),
('EACIV_GRAEAE',		'EARACE_HELDEOFOL'),
('EACIV_NEZELIBA',		'EARACE_MAN'),
('EACIV_NEZELIBA',		'EARACE_SIDHE'),
('EACIV_NEZELIBA',		'EARACE_HELDEOFOL'),
('EACIV_GAZIYA',		'EARACE_MAN'),
('EACIV_GAZIYA',		'EARACE_SIDHE'),
('EACIV_GAZIYA',		'EARACE_HELDEOFOL'),
('EACIV_NEMEDIA',		'EARACE_MAN'),
('EACIV_MILESIA',		'EARACE_MAN'),
('EACIV_ULFHETHNAR',	'EARACE_MAN'),
('EACIV_MORRIGNA',		'EARACE_SIDHE'),
('EACIV_MACHAE',		'EARACE_SIDHE'),
('EACIV_BODWA',			'EARACE_SIDHE'),
('EACIV_MORD',			'EARACE_HELDEOFOL'),
('EACIV_THEANON',		'EARACE_MAN'),
('EACIV_SAGUENAY',		'EARACE_MAN'),
('EACIV_ALBION',		'EARACE_MAN'),
('EACIV_TIR_ECNE',		'EARACE_SIDHE'),
('EACIV_NOUDONT',		'EARACE_SIDHE'),
('EACIV_AES_DANA',		'EARACE_SIDHE'),
('EACIV_SUDDENE',		'EARACE_MAN'),
('EACIV_PARTHOLON',		'EARACE_MAN'),
('EACIV_DAL_FIATACH',	'EARACE_SIDHE'),
('EACIV_DAIRINE',		'EARACE_SIDHE'),
('EACIV_MOR',			'EARACE_MAN'),
('EACIV_MOR',			'EARACE_SIDHE'),
('EACIV_DOKKALFAR',		'EARACE_SIDHE'),
('EACIV_LJOSALFAR',		'EARACE_SIDHE'),
('EACIV_SEGOYIM',		'EARACE_SIDHE'),
('EACIV_SEGOYIM',		'EARACE_MAN'),
('EACIV_HY_BREASIL',	'EARACE_MAN'),
('EACIV_HY_BREASIL',	'EARACE_SIDHE'),
('EACIV_AGARTHA',		'EARACE_MAN'),
('EACIV_AGARTHA',		'EARACE_SIDHE'),
('EACIV_YS',			'EARACE_MAN'),
('EACIV_YS',			'EARACE_SIDHE'),
('EACIV_TYRE',			'EARACE_MAN'),
('EACIV_TYRE',			'EARACE_SIDHE'),
('EACIV_GERZAH',		'EARACE_MAN'),
('EACIV_GERZAH',		'EARACE_SIDHE'),
('EACIV_GERZAH',		'EARACE_HELDEOFOL'),
('EACIV_PALARE',		'EARACE_MAN'),
('EACIV_PALARE',		'EARACE_SIDHE'),
('EACIV_MAYD',			'EARACE_MAN'),
('EACIV_MAYD',			'EARACE_SIDHE'),
('EACIV_SISUKAS',		'EARACE_MAN'),
('EACIV_SISUKAS',		'EARACE_SIDHE'),
('EACIV_SISUKAS',		'EARACE_HELDEOFOL'),
('EACIV_ITH',			'EARACE_MAN'),
('EACIV_ITH',			'EARACE_SIDHE'),
('EACIV_ITH',			'EARACE_HELDEOFOL'),
('EACIV_EBOR',			'EARACE_MAN'),
('EACIV_EBOR',			'EARACE_SIDHE'),
('EACIV_EBOR',			'EARACE_HELDEOFOL'),
('EACIV_PHRYGES',		'EARACE_MAN'),
('EACIV_PHRYGES',		'EARACE_SIDHE');


CREATE TABLE EaCiv_FavoredTechs ('EaCivType' TEXT NOT NULL, 'TechType' TEXT NOT NULL);

INSERT INTO EaCiv_FavoredTechs (EaCivType, TechType) VALUES
('EACIV_HIPPUS',		'TECH_DOMESTICATION'	),
('EACIV_HIPPUS',		'TECH_CURRENCY'			),
('EACIV_HIPPUS',		'TECH_HORSEBACK_RIDING'	),
('EACIV_HIPPUS',		'TECH_ANIMAL_HUSBANDRY'	),
('EACIV_HIPPUS',		'TECH_MATHEMATICS'		),
('EACIV_HIPPUS',		'TECH_COINAGE'			),
('EACIV_HIPPUS',		'TECH_STIRRUPS'			),
('EACIV_HIPPUS',		'TECH_ANIMAL_INDUSTRY'	),
('EACIV_HIPPUS',		'TECH_BANKING'			),
('EACIV_HIPPUS',		'TECH_ANIMAL_BREEDING'	),
('EACIV_HIPPUS',		'TECH_WAR_HORSES'		),	

('EACIV_IKKOS',			'TECH_DOMESTICATION'	),
('EACIV_IKKOS',			'TECH_MINING'			),
('EACIV_IKKOS',			'TECH_HORSEBACK_RIDING'	),
('EACIV_IKKOS',			'TECH_ANIMAL_HUSBANDRY'	),
('EACIV_IKKOS',			'TECH_ARCHERY'			),
('EACIV_IKKOS',			'TECH_BRONZE_WORKING'	),
('EACIV_IKKOS',			'TECH_STIRRUPS'			),
('EACIV_IKKOS',			'TECH_ANIMAL_INDUSTRY'	),
('EACIV_IKKOS',			'TECH_IRON_WORKING'		),
('EACIV_IKKOS',			'TECH_ANIMAL_BREEDING'	),
('EACIV_IKKOS',			'TECH_WAR_HORSES'		),

('EACIV_AB',			'TECH_DOMESTICATION'	),
('EACIV_AB',			'TECH_HUNTING'			),
('EACIV_AB',			'TECH_ANIMAL_HUSBANDRY'	),
('EACIV_AB',			'TECH_ELEPHANT_LABOR'	),
('EACIV_AB',			'TECH_TRACKING_TRAPPING'),
('EACIV_AB',			'TECH_ELEPHANT_TRAINING'),
('EACIV_AB',			'TECH_GAMEKEEPING'		),
('EACIV_AB',			'TECH_ANIMAL_MASTERY'	),
('EACIV_AB',			'TECH_WAR_ELEPHANTS'	),
('EACIV_AB',			'TECH_BEAST_MASTERY'	),
('EACIV_AB',			'TECH_MUMAKIL_RIDING'	),

('EACIV_FIR_BOLG',		'TECH_DOMESTICATION'	),
('EACIV_FIR_BOLG',		'TECH_HUNTING'			),
('EACIV_FIR_BOLG',		'TECH_AGRICULTURE'		),
('EACIV_FIR_BOLG',		'TECH_HORSEBACK_RIDING'	),
('EACIV_FIR_BOLG',		'TECH_ANIMAL_HUSBANDRY'	),
('EACIV_FIR_BOLG',		'TECH_ELEPHANT_LABOR'	),
('EACIV_FIR_BOLG',		'TECH_TRACKING_TRAPPING'),
('EACIV_FIR_BOLG',		'TECH_WEAVING'			),
('EACIV_FIR_BOLG',		'TECH_ZYMURGY'			),
('EACIV_FIR_BOLG',		'TECH_STIRRUPS'			),
('EACIV_FIR_BOLG',		'TECH_ANIMAL_INDUSTRY'	),
('EACIV_FIR_BOLG',		'TECH_ELEPHANT_TRAINING'),
('EACIV_FIR_BOLG',		'TECH_GAMEKEEPING'		),
('EACIV_FIR_BOLG',		'TECH_ANIMAL_BREEDING'	),

('EACIV_CRUITHNI',		'TECH_DOMESTICATION'	),
('EACIV_CRUITHNI',		'TECH_HUNTING'			),
('EACIV_CRUITHNI',		'TECH_FISHING'			),
('EACIV_CRUITHNI',		'TECH_ELEPHANT_LABOR'	),
('EACIV_CRUITHNI',		'TECH_TRACKING_TRAPPING'),
('EACIV_CRUITHNI',		'TECH_ARCHERY'			),
('EACIV_CRUITHNI',		'TECH_HARPOONS'			),
('EACIV_CRUITHNI',		'TECH_ELEPHANT_TRAINING'),
('EACIV_CRUITHNI',		'TECH_GAMEKEEPING'		),
('EACIV_CRUITHNI',		'TECH_BOWYERS'			),
('EACIV_CRUITHNI',		'TECH_ANIMAL_MASTERY'	),
('EACIV_CRUITHNI',		'TECH_BEAST_MASTERY'	),
('EACIV_CRUITHNI',		'TECH_MUMAKIL_RIDING'	),
--('EACIV_CRUITHNI',	'TECH_SONG_OF_LEVIATHAN'),

('EACIV_CRECY',			'TECH_DOMESTICATION'	),
('EACIV_CRECY',			'TECH_HUNTING'			),
('EACIV_CRECY',			'TECH_FISHING'			),
('EACIV_CRECY',			'TECH_AGRICULTURE'		),
('EACIV_CRECY',			'TECH_HORSEBACK_RIDING'	),
('EACIV_CRECY',			'TECH_TRACKING_TRAPPING'),
('EACIV_CRECY',			'TECH_ARCHERY'			),
('EACIV_CRECY',			'TECH_HARPOONS'			),
('EACIV_CRECY',			'TECH_MATHEMATICS'		),
('EACIV_CRECY',			'TECH_STIRRUPS'			),
('EACIV_CRECY',			'TECH_GAMEKEEPING'		),
('EACIV_CRECY',			'TECH_BOWYERS'			),
('EACIV_CRECY',			'TECH_MECHANICS'		),
('EACIV_CRECY',			'TECH_MARKSMANSHIP'		),

('EACIV_DAGGOO',		'TECH_HUNTING'			),
('EACIV_DAGGOO',		'TECH_FISHING'			),
('EACIV_DAGGOO',		'TECH_TRACKING_TRAPPING'),
('EACIV_DAGGOO',		'TECH_HARPOONS'			),
('EACIV_DAGGOO',		'TECH_SAILING'			),
('EACIV_DAGGOO',		'TECH_CALENDAR'			),
('EACIV_DAGGOO',		'TECH_GAMEKEEPING'		),
('EACIV_DAGGOO',		'TECH_SHIP_BUILDING'	),
('EACIV_DAGGOO',		'TECH_ASTRONOMY'		),
('EACIV_DAGGOO',		'TECH_ANIMAL_MASTERY'	),
('EACIV_DAGGOO',		'TECH_NAVIGATION'		),
('EACIV_DAGGOO',		'TECH_BEAST_MASTERY'	),
('EACIV_DAGGOO',		'TECH_WHALING'			),
('EACIV_DAGGOO',		'TECH_NAVAL_ENGINEERING'),
--('EACIV_DAGGOO',		'TECH_SONG_OF_LEVIATHAN'),

('EACIV_FOMHOIRE',		'TECH_FISHING'			),
('EACIV_FOMHOIRE',		'TECH_AGRICULTURE'		),
('EACIV_FOMHOIRE',		'TECH_HARPOONS'			),
('EACIV_FOMHOIRE',		'TECH_SAILING'			),
('EACIV_FOMHOIRE',		'TECH_MILLING'			),
('EACIV_FOMHOIRE',		'TECH_CALENDAR'			),
('EACIV_FOMHOIRE',		'TECH_SHIP_BUILDING'	),
('EACIV_FOMHOIRE',		'TECH_ASTRONOMY'		),
('EACIV_FOMHOIRE',		'TECH_ALCHEMY'			),
('EACIV_FOMHOIRE',		'TECH_NAVIGATION'		),
('EACIV_FOMHOIRE',		'TECH_CHEMISTRY'		),
('EACIV_FOMHOIRE',		'TECH_WHALING'			),
('EACIV_FOMHOIRE',		'TECH_NAVAL_ENGINEERING'),
('EACIV_FOMHOIRE',		'TECH_ADV_NAVAL_ENGINEERING'),

('EACIV_PARAKHORA',		'TECH_AGRICULTURE'		),
('EACIV_PARAKHORA',		'TECH_WRITING'			),
('EACIV_PARAKHORA',		'TECH_MILLING'			),
('EACIV_PARAKHORA',		'TECH_WEAVING'			),
('EACIV_PARAKHORA',		'TECH_ZYMURGY'			),
('EACIV_PARAKHORA',		'TECH_IRRIGATION'		),
('EACIV_PARAKHORA',		'TECH_CALENDAR'			),
('EACIV_PARAKHORA',		'TECH_MATHEMATICS'		),
('EACIV_PARAKHORA',		'TECH_MASONRY'			),
('EACIV_PARAKHORA',		'TECH_FORESTRY'			),
('EACIV_PARAKHORA',		'TECH_FINE_TEXTILES'	),
('EACIV_PARAKHORA',		'TECH_CONSTRUCTION'		),
('EACIV_PARAKHORA',		'TECH_SANITATION'		),
('EACIV_PARAKHORA',		'TECH_ENGINEERING'		),

('EACIV_NEITH',			'TECH_DOMESTICATION'	),
('EACIV_NEITH',			'TECH_AGRICULTURE'		),
('EACIV_NEITH',			'TECH_CURRENCY'			),
('EACIV_NEITH',			'TECH_ANIMAL_HUSBANDRY'	),
('EACIV_NEITH',			'TECH_MILLING'			),
('EACIV_NEITH',			'TECH_WEAVING'			),
('EACIV_NEITH',			'TECH_ZYMURGY'			),
('EACIV_NEITH',			'TECH_IRRIGATION'		),
('EACIV_NEITH',			'TECH_CALENDAR'			),
('EACIV_NEITH',			'TECH_DRAMA'			),
('EACIV_NEITH',			'TECH_MATHEMATICS'		),
('EACIV_NEITH',			'TECH_FINE_TEXTILES'	),
('EACIV_NEITH',			'TECH_LITERATURE'		),
('EACIV_NEITH',			'TECH_MUSIC'			),
('EACIV_NEITH',			'TECH_MECHANICS'		),
('EACIV_NEITH',			'TECH_AESTHETICS'		),

('EACIV_ELEUTHERIOS',	'TECH_MILLING'			),
('EACIV_ELEUTHERIOS',	'TECH_WEAVING'			),
('EACIV_ELEUTHERIOS',	'TECH_ZYMURGY'			),
('EACIV_ELEUTHERIOS',	'TECH_IRRIGATION'		),
('EACIV_ELEUTHERIOS',	'TECH_CALENDAR'			),
('EACIV_ELEUTHERIOS',	'TECH_DRAMA'			),
('EACIV_ELEUTHERIOS',	'TECH_OENOLOGY'			),
('EACIV_ELEUTHERIOS',	'TECH_CROP_ROTATION'	),
('EACIV_ELEUTHERIOS',	'TECH_LITERATURE'		),
('EACIV_ELEUTHERIOS',	'TECH_ALCHEMY'			),
--('EACIV_ELEUTHERIOS',	'TECH_ENCHANTMENT'		),
('EACIV_ELEUTHERIOS',	'TECH_CHEMISTRY'		),
('EACIV_ELEUTHERIOS',	'TECH_SANITATION'		),
('EACIV_ELEUTHERIOS',	'TECH_AESTHETICS'		),
('EACIV_ELEUTHERIOS',	'TECH_MEDICINE'			),

('EACIV_NINKASI',		'TECH_MILLING'			),
('EACIV_NINKASI',		'TECH_WEAVING'			),
('EACIV_NINKASI',		'TECH_ZYMURGY'			),
('EACIV_NINKASI',		'TECH_IRRIGATION'		),
('EACIV_NINKASI',		'TECH_CALENDAR'			),
('EACIV_NINKASI',		'TECH_DRAMA'			),
('EACIV_NINKASI',		'TECH_OENOLOGY'			),
('EACIV_NINKASI',		'TECH_MUSIC'			),
('EACIV_NINKASI',		'TECH_ALCHEMY'			),
--('EACIV_NINKASI',		'TECH_ENCHANTMENT'		),
('EACIV_NINKASI',		'TECH_CHEMISTRY'		),
--('EACIV_NINKASI',		'TECH_ILLUSION'			),

('EACIV_GIRNAR',		'TECH_MILLING'			),
('EACIV_GIRNAR',		'TECH_WEAVING'			),
('EACIV_GIRNAR',		'TECH_ZYMURGY'			),
('EACIV_GIRNAR',		'TECH_IRRIGATION'		),
('EACIV_GIRNAR',		'TECH_CALENDAR'			),
('EACIV_GIRNAR',		'TECH_MATHEMATICS'		),
('EACIV_GIRNAR',		'TECH_MASONRY'			),
('EACIV_GIRNAR',		'TECH_CROP_ROTATION'	),
('EACIV_GIRNAR',		'TECH_MECHANICS'		),
('EACIV_GIRNAR',		'TECH_CONSTRUCTION'		),
('EACIV_GIRNAR',		'TECH_SANITATION'		),
('EACIV_GIRNAR',		'TECH_ENGINEERING'		),
('EACIV_GIRNAR',		'TECH_ARCHITECTURE'		),

('EACIV_ALDEBAR',		'TECH_SAILING'			),
('EACIV_ALDEBAR',		'TECH_MILLING'			),
('EACIV_ALDEBAR',		'TECH_WEAVING'			),
('EACIV_ALDEBAR',		'TECH_ZYMURGY'			),
('EACIV_ALDEBAR',		'TECH_IRRIGATION'		),
('EACIV_ALDEBAR',		'TECH_CALENDAR'			),
('EACIV_ALDEBAR',		'TECH_PHILOSOPHY'		),
('EACIV_ALDEBAR',		'TECH_MATHEMATICS'		),
('EACIV_ALDEBAR',		'TECH_SHIP_BUILDING'	),
('EACIV_ALDEBAR',		'TECH_ASTRONOMY'		),
('EACIV_ALDEBAR',		'TECH_LOGIC'			),
('EACIV_ALDEBAR',		'TECH_LITERATURE'		),
('EACIV_ALDEBAR',		'TECH_MUSIC'			),
('EACIV_ALDEBAR',		'TECH_NAVIGATION'		),
('EACIV_ALDEBAR',		'TECH_METAPHYSICS'		),

('EACIV_ANAPHORA',		'TECH_WEAVING'			),
('EACIV_ANAPHORA',		'TECH_ZYMURGY'			),
('EACIV_ANAPHORA',		'TECH_IRRIGATION'		),
('EACIV_ANAPHORA',		'TECH_CALENDAR'			),
('EACIV_ANAPHORA',		'TECH_DIVINE_LITURGY'	),
('EACIV_ANAPHORA',		'TECH_PHILOSOPHY'		),
('EACIV_ANAPHORA',		'TECH_ASTRONOMY'		),
('EACIV_ANAPHORA',		'TECH_DIVINE_VITALISM'	),
('EACIV_ANAPHORA',		'TECH_LITERATURE'		),
('EACIV_ANAPHORA',		'TECH_HEAVENLY_CYCLES'	),
('EACIV_ANAPHORA',		'TECH_DIVINE_ESSENCE'	),
('EACIV_ANAPHORA',		'TECH_CELESTIAL_KNOWLEDGE'),
('EACIV_ANAPHORA',		'TECH_DIVINE_INTERVENTION'),
('EACIV_ANAPHORA',		'TECH_KNOWLEDGE_OF_HEAVEN'),

('EACIV_ISALLIN',		'TECH_SAILING'			),
('EACIV_ISALLIN',		'TECH_MILLING'			),
('EACIV_ISALLIN',		'TECH_CALENDAR'			),
('EACIV_ISALLIN',		'TECH_DIVINE_LITURGY'	),
('EACIV_ISALLIN',		'TECH_PHILOSOPHY'		),
('EACIV_ISALLIN',		'TECH_SHIP_BUILDING'	),
('EACIV_ISALLIN',		'TECH_ASTRONOMY'		),
('EACIV_ISALLIN',		'TECH_DIVINE_VITALISM'	),
('EACIV_ISALLIN',		'TECH_LITERATURE'		),
('EACIV_ISALLIN',		'TECH_HEAVENLY_CYCLES'	),
('EACIV_ISALLIN',		'TECH_DIVINE_ESSENCE'	),
('EACIV_ISALLIN',		'TECH_CELESTIAL_KNOWLEDGE'),
('EACIV_ISALLIN',		'TECH_DIVINE_INTERVENTION'),
('EACIV_ISALLIN',		'TECH_KNOWLEDGE_OF_HEAVEN'),

('EACIV_STYGIA',		'TECH_MALEFICIUM'		),
('EACIV_STYGIA',		'TECH_THAUMATURGY'		),
('EACIV_STYGIA',		'TECH_PHILOSOPHY'		),
('EACIV_STYGIA',		'TECH_REANIMATION'		),
('EACIV_STYGIA',		'TECH_SORCERY'			),
('EACIV_STYGIA',		'TECH_CONJURATION'		),
('EACIV_STYGIA',		'TECH_TRANSMUTATION'	),
--('EACIV_STYGIA',		'TECH_VAMPIRISM'		),
('EACIV_STYGIA',		'TECH_NECROMANCY'		),
('EACIV_STYGIA',		'TECH_SUMMONING'		),
('EACIV_STYGIA',		'TECH_EVOCATION'		),
('EACIV_STYGIA',		'TECH_SOUL_BINDING'		),
('EACIV_STYGIA',		'TECH_INVOCATION'		),
('EACIV_STYGIA',		'TECH_BREACH'			),
('EACIV_STYGIA',		'TECH_ARMAGEDDON_RITUALS'),

('EACIV_MORIQUENDI',	'TECH_MALEFICIUM'		),
('EACIV_MORIQUENDI',	'TECH_THAUMATURGY'		),
('EACIV_MORIQUENDI',	'TECH_PHILOSOPHY'		),
--('EACIV_MORIQUENDI',	'TECH_LYCANTHROPY'		),
('EACIV_MORIQUENDI',	'TECH_REANIMATION'		),
('EACIV_MORIQUENDI',	'TECH_SORCERY'			),
('EACIV_MORIQUENDI',	'TECH_CONJURATION'		),
('EACIV_MORIQUENDI',	'TECH_TRANSMUTATION'	),
('EACIV_MORIQUENDI',	'TECH_NECROMANCY'		),
('EACIV_MORIQUENDI',	'TECH_SUMMONING'		),
('EACIV_MORIQUENDI',	'TECH_EVOCATION'		),
('EACIV_MORIQUENDI',	'TECH_SOUL_BINDING'		),
('EACIV_MORIQUENDI',	'TECH_INVOCATION'		),
('EACIV_MORIQUENDI',	'TECH_BREACH'			),
('EACIV_MORIQUENDI',	'TECH_ARMAGEDDON_RITUALS'),

('EACIV_LEMURIA',		'TECH_WEAVING'			),
('EACIV_LEMURIA',		'TECH_ZYMURGY'			),
('EACIV_LEMURIA',		'TECH_THAUMATURGY'		),
('EACIV_LEMURIA',		'TECH_PHILOSOPHY'		),
('EACIV_LEMURIA',		'TECH_DRAMA'			),
('EACIV_LEMURIA',		'TECH_MATHEMATICS'		),
('EACIV_LEMURIA',		'TECH_CONJURATION'		),
('EACIV_LEMURIA',		'TECH_TRANSMUTATION'	),
('EACIV_LEMURIA',		'TECH_LOGIC'			),
('EACIV_LEMURIA',		'TECH_MUSIC'			),
('EACIV_LEMURIA',		'TECH_ALCHEMY'			),
('EACIV_LEMURIA',		'TECH_EVOCATION'		),
('EACIV_LEMURIA',		'TECH_ABJURATION'		),
('EACIV_LEMURIA',		'TECH_SEMIOTICS'		),
--('EACIV_LEMURIA',		'TECH_ENCHANTMENT'		),
('EACIV_LEMURIA',		'TECH_INVOCATION'		),
('EACIV_LEMURIA',		'TECH_METAPHYSICS'		),
--('EACIV_LEMURIA',		'TECH_ILLUSION'			),
('EACIV_LEMURIA',		'TECH_GREATER_ARCANA'	),
('EACIV_LEMURIA',		'TECH_ESOTERIC_ARCANA'	),

('EACIV_AXAGORIA',		'TECH_CALENDAR'			),
('EACIV_AXAGORIA',		'TECH_PHILOSOPHY'		),
('EACIV_AXAGORIA',		'TECH_MATHEMATICS'		),
('EACIV_AXAGORIA',		'TECH_MASONRY'			),
('EACIV_AXAGORIA',		'TECH_ASTRONOMY'		),
('EACIV_AXAGORIA',		'TECH_LOGIC'			),
('EACIV_AXAGORIA',		'TECH_MUSIC'			),
('EACIV_AXAGORIA',		'TECH_ALCHEMY'			),
('EACIV_AXAGORIA',		'TECH_MECHANICS'		),
('EACIV_AXAGORIA',		'TECH_BANKING'			),
('EACIV_AXAGORIA',		'TECH_SEMIOTICS'		),
('EACIV_AXAGORIA',		'TECH_CHEMISTRY'		),
('EACIV_AXAGORIA',		'TECH_ENGINEERING'		),
('EACIV_AXAGORIA',		'TECH_METAPHYSICS'		),
('EACIV_AXAGORIA',		'TECH_MEDICINE'			),
('EACIV_AXAGORIA',		'TECH_MACHINERY'		),
('EACIV_AXAGORIA',		'TECH_STEAM_POWER'		),
('EACIV_AXAGORIA',		'TECH_TRANSCENDENTAL_THOUGHT'),

('EACIV_CEASSAIR',		'TECH_WEAVING'			),
('EACIV_CEASSAIR',		'TECH_ZYMURGY'			),
('EACIV_CEASSAIR',		'TECH_PHILOSOPHY'		),
('EACIV_CEASSAIR',		'TECH_DRAMA'			),
('EACIV_CEASSAIR',		'TECH_MATHEMATICS'		),
('EACIV_CEASSAIR',		'TECH_LITERATURE'		),
('EACIV_CEASSAIR',		'TECH_MUSIC'			),
('EACIV_CEASSAIR',		'TECH_AESTHETICS'		),
--('EACIV_CEASSAIR',		'TECH_ILLUSION'			),
--('EACIV_CEASSAIR',		'TECH_ENCHANTMENT'		),
--('EACIV_CEASSAIR',		'TECH_GREATER_ILLUSION'	),
--('EACIV_CEASSAIR',		'TECH_PHANTASMAGORIA'	),


('EACIV_LAGAD',			'TECH_WRITING'			),
('EACIV_LAGAD',			'TECH_CURRENCY'			),
('EACIV_LAGAD',			'TECH_MATHEMATICS'		),
('EACIV_LAGAD',			'TECH_MUSIC'			),
('EACIV_LAGAD',			'TECH_ALCHEMY'			),
('EACIV_LAGAD',			'TECH_COINAGE'			),
('EACIV_LAGAD',			'TECH_BANKING'			),
('EACIV_LAGAD',			'TECH_CHEMISTRY'		),
('EACIV_LAGAD',			'TECH_MECHANICS'		),
('EACIV_LAGAD',			'TECH_ENGINEERING'		),
('EACIV_LAGAD',			'TECH_MACHINERY'		),
('EACIV_LAGAD',			'TECH_STEAM_POWER'		),
('EACIV_LAGAD',			'TECH_ARCHITECTURE'		),
--('EACIV_LAGAD',		'TECH_ETHEREAL_ARCHITECTURE'),

('EACIV_MAMONAS',		'TECH_WRITING'			),
('EACIV_MAMONAS',		'TECH_CURRENCY'			),
('EACIV_MAMONAS',		'TECH_MINING'			),
('EACIV_MAMONAS',		'TECH_MATHEMATICS'		),
('EACIV_MAMONAS',		'TECH_COINAGE'			),
('EACIV_MAMONAS',		'TECH_BRONZE_WORKING'	),
('EACIV_MAMONAS',		'TECH_CALENDAR'			),
('EACIV_MAMONAS',		'TECH_WEAVING'			),
('EACIV_MAMONAS',		'TECH_MASONRY'			),
('EACIV_MAMONAS',		'TECH_CONSTRUCTION'		),
('EACIV_MAMONAS',		'TECH_BANKING'			),
('EACIV_MAMONAS',		'TECH_ALCHEMY'			),

('EACIV_SOPHRONIA',		'TECH_WRITING'			),
('EACIV_SOPHRONIA',		'TECH_MINING'			),
('EACIV_SOPHRONIA',		'TECH_MATHEMATICS'		),
('EACIV_SOPHRONIA',		'TECH_MASONRY'			),
('EACIV_SOPHRONIA',		'TECH_MECHANICS'		),
('EACIV_SOPHRONIA',		'TECH_CONSTRUCTION'		),
('EACIV_SOPHRONIA',		'TECH_SANITATION'		),
('EACIV_SOPHRONIA',		'TECH_ENGINEERING'		),
('EACIV_SOPHRONIA',		'TECH_ARCHITECTURE'		),
--('EACIV_SOPHRONIA',	'TECH_ETHEREAL_ARCHITECTURE'),

('EACIV_LUCHTAIN',		'TECH_WRITING'			),
('EACIV_LUCHTAIN',		'TECH_MINING'			),
('EACIV_LUCHTAIN',		'TECH_MATHEMATICS'		),
('EACIV_LUCHTAIN',		'TECH_MASONRY'			),
('EACIV_LUCHTAIN',		'TECH_MECHANICS'		),
('EACIV_LUCHTAIN',		'TECH_CONSTRUCTION'		),
('EACIV_LUCHTAIN',		'TECH_SANITATION'		),
('EACIV_LUCHTAIN',		'TECH_ENGINEERING'		),
('EACIV_LUCHTAIN',		'TECH_ARCHITECTURE'		),
--('EACIV_LUCHTAIN',	'TECH_ETHEREAL_ARCHITECTURE'),

('EACIV_VINCA',			'TECH_MASONRY'			),
('EACIV_VINCA',			'TECH_BRONZE_WORKING'	),
('EACIV_VINCA',			'TECH_DEEP_MINING'		),
('EACIV_VINCA',			'TECH_CONSTRUCTION'		),
('EACIV_VINCA',			'TECH_IRON_WORKING'		),
('EACIV_VINCA',			'TECH_EARTH_DIVINATION'	),
('EACIV_VINCA',			'TECH_METAL_CASTING'	),
('EACIV_VINCA',			'TECH_STEEL_WORKING'	),
('EACIV_VINCA',			'TECH_ELEMENTAL_FORGING'),
('EACIV_VINCA',			'TECH_MITHRIL_WORKING'	),

('EACIV_GOBANN',		'TECH_MASONRY'			),
('EACIV_GOBANN',		'TECH_BRONZE_WORKING'	),
('EACIV_GOBANN',		'TECH_DEEP_MINING'		),
('EACIV_GOBANN',		'TECH_CONSTRUCTION'		),
('EACIV_GOBANN',		'TECH_IRON_WORKING'		),
('EACIV_GOBANN',		'TECH_EARTH_DIVINATION'	),
('EACIV_GOBANN',		'TECH_METAL_CASTING'	),
('EACIV_GOBANN',		'TECH_STEEL_WORKING'	),
('EACIV_GOBANN',		'TECH_ELEMENTAL_FORGING'),
('EACIV_GOBANN',		'TECH_MITHRIL_WORKING'	);

INSERT INTO EaCiv_FavoredTechs (EaCivType, TechType) VALUES
('EACIV_REYNES',		'TECH_DOMESTICATION'	),
('EACIV_REYNES',		'TECH_AGRICULTURE'		),
('EACIV_REYNES',		'TECH_ANIMAL_HUSBANDRY'	),
('EACIV_REYNES',		'TECH_MILLING'			),
('EACIV_REYNES',		'TECH_WEAVING'			),
('EACIV_REYNES',		'TECH_ZYMURGY'			),
('EACIV_REYNES',		'TECH_IRRIGATION'		),
('EACIV_REYNES',		'TECH_CALENDAR'			),
('EACIV_REYNES',		'TECH_ANIMAL_INDUSTRY'	),
('EACIV_REYNES',		'TECH_FORESTRY'			),
('EACIV_REYNES',		'TECH_CROP_ROTATION'	),

('EACIV_BJARMALAND',	'TECH_DOMESTICATION'	),
('EACIV_BJARMALAND',	'TECH_AGRICULTURE'		),
('EACIV_BJARMALAND',	'TECH_ANIMAL_HUSBANDRY'	),
('EACIV_BJARMALAND',	'TECH_MILLING'			),
('EACIV_BJARMALAND',	'TECH_WEAVING'			),
('EACIV_BJARMALAND',	'TECH_ZYMURGY'			),
('EACIV_BJARMALAND',	'TECH_IRRIGATION'		),
('EACIV_BJARMALAND',	'TECH_CALENDAR'			),
('EACIV_BJARMALAND',	'TECH_ANIMAL_INDUSTRY'	),
('EACIV_BJARMALAND',	'TECH_FORESTRY'			),
('EACIV_BJARMALAND',	'TECH_CROP_ROTATION'	),

('EACIV_KAZA',			'TECH_DOMESTICATION'	),
('EACIV_KAZA',			'TECH_AGRICULTURE'		),
('EACIV_KAZA',			'TECH_ANIMAL_HUSBANDRY'	),
('EACIV_KAZA',			'TECH_MILLING'			),
('EACIV_KAZA',			'TECH_WEAVING'			),
('EACIV_KAZA',			'TECH_ZYMURGY'			),
('EACIV_KAZA',			'TECH_IRRIGATION'		),
('EACIV_KAZA',			'TECH_CALENDAR'			),
('EACIV_KAZA',			'TECH_ANIMAL_INDUSTRY'	),
('EACIV_KAZA',			'TECH_FORESTRY'			),
('EACIV_KAZA',			'TECH_CROP_ROTATION'	),

('EACIV_EOGANACHTA',	'TECH_DOMESTICATION'	),
('EACIV_EOGANACHTA',	'TECH_AGRICULTURE'		),
('EACIV_EOGANACHTA',	'TECH_ANIMAL_HUSBANDRY'	),
('EACIV_EOGANACHTA',	'TECH_MILLING'			),
('EACIV_EOGANACHTA',	'TECH_WEAVING'			),
('EACIV_EOGANACHTA',	'TECH_ZYMURGY'			),
('EACIV_EOGANACHTA',	'TECH_IRRIGATION'		),
('EACIV_EOGANACHTA',	'TECH_CALENDAR'			),
('EACIV_EOGANACHTA',	'TECH_ANIMAL_INDUSTRY'	),
('EACIV_EOGANACHTA',	'TECH_FORESTRY'			),
('EACIV_EOGANACHTA',	'TECH_CROP_ROTATION'	),

('EACIV_SKOGR',			'TECH_DOMESTICATION'	),
('EACIV_SKOGR',			'TECH_HUNTING'			),
('EACIV_SKOGR',			'TECH_AGRICULTURE'		),
('EACIV_SKOGR',			'TECH_TRACKING_TRAPPING'),
('EACIV_SKOGR',			'TECH_ARCHERY'			),
('EACIV_SKOGR',			'TECH_ZYMURGY'			),
('EACIV_SKOGR',			'TECH_CALENDAR'			),
('EACIV_SKOGR',			'TECH_DRAMA'			),
('EACIV_SKOGR',			'TECH_GAMEKEEPING'		),
('EACIV_SKOGR',			'TECH_BOWYERS'			),
('EACIV_SKOGR',			'TECH_ANIMAL_MASTERY'	),

('EACIV_BANBA',			'TECH_HUNTING'			),
('EACIV_BANBA',			'TECH_HORSEBACK_RIDING'	),
('EACIV_BANBA',			'TECH_ANIMAL_HUSBANDRY'	),
('EACIV_BANBA',			'TECH_ELEPHANT_LABOR'	),
('EACIV_BANBA',			'TECH_TRACKING_TRAPPING'),
('EACIV_BANBA',			'TECH_ARCHERY'			),
('EACIV_BANBA',			'TECH_STIRRUPS'			),
('EACIV_BANBA',			'TECH_ANIMAL_INDUSTRY'	),
('EACIV_BANBA',			'TECH_ELEPHANT_TRAINING'),
('EACIV_BANBA',			'TECH_GAMEKEEPING'		),
('EACIV_BANBA',			'TECH_BOWYERS'			),
('EACIV_BANBA',			'TECH_ANIMAL_MASTERY'	),
('EACIV_BANBA',			'TECH_BEAST_MASTERY'	),

('EACIV_ERIU',			'TECH_HUNTING'			),
('EACIV_ERIU',			'TECH_AGRICULTURE'		),
('EACIV_ERIU',			'TECH_ARCHERY'			),
('EACIV_ERIU',			'TECH_MILLING'			),
('EACIV_ERIU',			'TECH_WEAVING'			),
('EACIV_ERIU',			'TECH_ZYMURGY'			),
('EACIV_ERIU',			'TECH_IRRIGATION'		),
('EACIV_ERIU',			'TECH_CALENDAR'			),
('EACIV_ERIU',			'TECH_FORESTRY'			),
('EACIV_ERIU',			'TECH_BOWYERS'			),
('EACIV_ERIU',			'TECH_FINE_TEXTILES'	),
('EACIV_ERIU',			'TECH_OENOLOGY'			),
('EACIV_ERIU',			'TECH_CROP_ROTATION'	),

('EACIV_FODLA',			'TECH_MINING'			),
('EACIV_FODLA',			'TECH_MASONRY'			),
('EACIV_FODLA',			'TECH_BRONZE_WORKING'	),
('EACIV_FODLA',			'TECH_DEEP_MINING'		),
('EACIV_FODLA',			'TECH_ALCHEMY'			),
('EACIV_FODLA',			'TECH_CONSTRUCTION'		),
('EACIV_FODLA',			'TECH_IRON_WORKING'		),
('EACIV_FODLA',			'TECH_EARTH_DIVINATION'	),
('EACIV_FODLA',			'TECH_SANITATION'		),
('EACIV_FODLA',			'TECH_METAL_CASTING'	),
('EACIV_FODLA',			'TECH_STEEL_WORKING'	),
('EACIV_FODLA',			'TECH_ELEMENTAL_FORGING'),
('EACIV_FODLA',			'TECH_MITHRIL_WORKING'	),

('EACIV_YESOD',			'TECH_AGRICULTURE'		),
('EACIV_YESOD',			'TECH_WRITING'			),
('EACIV_YESOD',			'TECH_CALENDAR'			),
('EACIV_YESOD',			'TECH_DIVINE_LITURGY'	),
('EACIV_YESOD',			'TECH_ASTRONOMY'		),
('EACIV_YESOD',			'TECH_DIVINE_VITALISM'	),
('EACIV_YESOD',			'TECH_HEAVENLY_CYCLES'	),
('EACIV_YESOD',			'TECH_DIVINE_ESSENCE'	),
('EACIV_YESOD',			'TECH_CELESTIAL_KNOWLEDGE'	),
('EACIV_YESOD',			'TECH_DIVINE_INTERVENTION'	),
('EACIV_YESOD',			'TECH_KNOWLEDGE_OF_HEAVEN'	),

('EACIV_NETZACH',		'TECH_AGRICULTURE'		),
('EACIV_NETZACH',		'TECH_WRITING'			),
('EACIV_NETZACH',		'TECH_CALENDAR'			),
('EACIV_NETZACH',		'TECH_DIVINE_LITURGY'	),
('EACIV_NETZACH',		'TECH_ASTRONOMY'		),
('EACIV_NETZACH',		'TECH_DIVINE_VITALISM'	),
('EACIV_NETZACH',		'TECH_HEAVENLY_CYCLES'	),
('EACIV_NETZACH',		'TECH_DIVINE_ESSENCE'	),
('EACIV_NETZACH',		'TECH_CELESTIAL_KNOWLEDGE'	),
('EACIV_NETZACH',		'TECH_DIVINE_INTERVENTION'	),
('EACIV_NETZACH',		'TECH_KNOWLEDGE_OF_HEAVEN'	),

('EACIV_HOD',			'TECH_AGRICULTURE'		),
('EACIV_HOD',			'TECH_WRITING'			),
('EACIV_HOD',			'TECH_CALENDAR'			),
('EACIV_HOD',			'TECH_DIVINE_LITURGY'	),
('EACIV_HOD',			'TECH_ASTRONOMY'		),
('EACIV_HOD',			'TECH_DIVINE_VITALISM'	),
('EACIV_HOD',			'TECH_HEAVENLY_CYCLES'	),
('EACIV_HOD',			'TECH_DIVINE_ESSENCE'	),
('EACIV_HOD',			'TECH_CELESTIAL_KNOWLEDGE'	),
('EACIV_HOD',			'TECH_DIVINE_INTERVENTION'	),
('EACIV_HOD',			'TECH_KNOWLEDGE_OF_HEAVEN'	),

('EACIV_O',				'TECH_WRITING'			),
('EACIV_O',				'TECH_MALEFICIUM'		),
('EACIV_O',				'TECH_THAUMATURGY'		),
('EACIV_O',				'TECH_PHILOSOPHY'		),
('EACIV_O',				'TECH_REANIMATION'		),
('EACIV_O',				'TECH_SORCERY'			),
('EACIV_O',				'TECH_CONJURATION'		),
('EACIV_O',				'TECH_TRANSMUTATION'	),
('EACIV_O',				'TECH_ALCHEMY'			),
('EACIV_O',				'TECH_EVOCATION'		),
('EACIV_O',				'TECH_ABJURATION'		),
--('EACIV_O',			'TECH_ILLUSION'			),
--('EACIV_O',			'TECH_ENCHANTMENT'		),
('EACIV_O',				'TECH_INVOCATION'		),
--('EACIV_O',			'TECH_GREATER_ILLUSION'	),
('EACIV_O',				'TECH_GREATER_ARCANA'	),
('EACIV_O',				'TECH_ESOTERIC_ARCANA'	),

('EACIV_MU',			'TECH_WRITING'			),
('EACIV_MU',			'TECH_MALEFICIUM'		),
('EACIV_MU',			'TECH_THAUMATURGY'		),
('EACIV_MU',			'TECH_PHILOSOPHY'		),
('EACIV_MU',			'TECH_REANIMATION'		),
('EACIV_MU',			'TECH_SORCERY'			),
('EACIV_MU',			'TECH_CONJURATION'		),
('EACIV_MU',			'TECH_TRANSMUTATION'	),
('EACIV_MU',			'TECH_ALCHEMY'			),
('EACIV_MU',			'TECH_EVOCATION'		),
('EACIV_MU',			'TECH_ABJURATION'		),
--('EACIV_MU',			'TECH_ILLUSION'			),
--('EACIV_MU',			'TECH_ENCHANTMENT'		),
('EACIV_MU',			'TECH_INVOCATION'		),
--('EACIV_MU',			'TECH_GREATER_ILLUSION'	),
('EACIV_MU',			'TECH_GREATER_ARCANA'	),
('EACIV_MU',			'TECH_ESOTERIC_ARCANA'	),

('EACIV_GRAEAE',		'TECH_DOMESTICATION'	),
('EACIV_GRAEAE',		'TECH_FISHING'			),
('EACIV_GRAEAE',		'TECH_AGRICULTURE'		),
('EACIV_GRAEAE',		'TECH_ANIMAL_HUSBANDRY'	),
('EACIV_GRAEAE',		'TECH_WEAVING'			),
('EACIV_GRAEAE',		'TECH_ZYMURGY'			),
('EACIV_GRAEAE',		'TECH_CALENDAR'			),
('EACIV_GRAEAE',		'TECH_MALEFICIUM'		),
('EACIV_GRAEAE',		'TECH_THAUMATURGY'		),
('EACIV_GRAEAE',		'TECH_ASTRONOMY'		),
--('EACIV_GRAEAE',		'TECH_LYCANTHROPY'		),
('EACIV_GRAEAE',		'TECH_REANIMATION'		),
('EACIV_GRAEAE',		'TECH_SORCERY'			),
('EACIV_GRAEAE',		'TECH_CONJURATION'		),
('EACIV_GRAEAE',		'TECH_TRANSMUTATION'	),
('EACIV_GRAEAE',		'TECH_ALCHEMY'			);

INSERT INTO EaCiv_FavoredTechs (EaCivType, TechType) VALUES
('EACIV_NEZELIBA',		'TECH_DOMESTICATION'	),
('EACIV_NEZELIBA',		'TECH_CURRENCY'			),
('EACIV_NEZELIBA',		'TECH_MINING'			),
('EACIV_NEZELIBA',		'TECH_ANIMAL_HUSBANDRY'	),
('EACIV_NEZELIBA',		'TECH_COINAGE'			),
('EACIV_NEZELIBA',		'TECH_MASONRY'			),
('EACIV_NEZELIBA',		'TECH_BRONZE_WORKING'	),
('EACIV_NEZELIBA',		'TECH_CONSTRUCTION'		),
('EACIV_NEZELIBA',		'TECH_IRON_WORKING'		),
('EACIV_NEZELIBA',		'TECH_ENGINEERING'		),
('EACIV_NEZELIBA',		'TECH_ARCHITECTURE'		),

('EACIV_GAZIYA',		'TECH_DOMESTICATION'	),
('EACIV_GAZIYA',		'TECH_HUNTING'			),
('EACIV_GAZIYA',		'TECH_HORSEBACK_RIDING'	),
('EACIV_GAZIYA',		'TECH_ANIMAL_HUSBANDRY'	),
('EACIV_GAZIYA',		'TECH_TRACKING_TRAPPING'),
('EACIV_GAZIYA',		'TECH_ARCHERY'			),
('EACIV_GAZIYA',		'TECH_ANIMAL_INDUSTRY'	),
('EACIV_GAZIYA',		'TECH_GAMEKEEPING'		),
('EACIV_GAZIYA',		'TECH_ANIMAL_BREEDING'	),
('EACIV_GAZIYA',		'TECH_ANIMAL_MASTERY'	),
('EACIV_GAZIYA',		'TECH_BEAST_MASTERY'	),

('EACIV_NEMEDIA',		'TECH_DOMESTICATION'	),
('EACIV_NEMEDIA',		'TECH_MINING'			),
('EACIV_NEMEDIA',		'TECH_HORSEBACK_RIDING'	),
('EACIV_NEMEDIA',		'TECH_ANIMAL_HUSBANDRY'	),
('EACIV_NEMEDIA',		'TECH_BRONZE_WORKING'	),
('EACIV_NEMEDIA',		'TECH_STIRRUPS'			),
('EACIV_NEMEDIA',		'TECH_IRON_WORKING'		),
('EACIV_NEMEDIA',		'TECH_METAL_CASTING'	),
('EACIV_NEMEDIA',		'TECH_WAR_HORSES'		),
('EACIV_NEMEDIA',		'TECH_STEEL_WORKING'	),
('EACIV_NEMEDIA',		'TECH_ELEMENTAL_FORGING'),
('EACIV_NEMEDIA',		'TECH_MITHRIL_WORKING'	),

('EACIV_MILESIA',		'TECH_MINING'			),
('EACIV_MILESIA',		'TECH_ARCHERY'			),
('EACIV_MILESIA',		'TECH_MATHEMATICS'		),
('EACIV_MILESIA',		'TECH_BRONZE_WORKING'	),
('EACIV_MILESIA',		'TECH_BOWYERS'			),
('EACIV_MILESIA',		'TECH_ALCHEMY'			),
('EACIV_MILESIA',		'TECH_MECHANICS'		),
('EACIV_MILESIA',		'TECH_IRON_WORKING'		),
('EACIV_MILESIA',		'TECH_MARKSMANSHIP'		),
('EACIV_MILESIA',		'TECH_CHEMISTRY'		),
('EACIV_MILESIA',		'TECH_METAL_CASTING'	),
('EACIV_MILESIA',		'TECH_MACHINERY'		),
('EACIV_MILESIA',		'TECH_STEAM_POWER'		),

('EACIV_ULFHETHNAR',	'TECH_DOMESTICATION'	),
('EACIV_ULFHETHNAR',	'TECH_HUNTING'			),
('EACIV_ULFHETHNAR',	'TECH_FISHING'			),
('EACIV_ULFHETHNAR',	'TECH_AGRICULTURE'		),
('EACIV_ULFHETHNAR',	'TECH_MINING'			),
('EACIV_ULFHETHNAR',	'TECH_ANIMAL_HUSBANDRY'	),
('EACIV_ULFHETHNAR',	'TECH_ELEPHANT_LABOR'	),
('EACIV_ULFHETHNAR',	'TECH_SAILING'			),
('EACIV_ULFHETHNAR',	'TECH_BRONZE_WORKING'	),
('EACIV_ULFHETHNAR',	'TECH_ELEPHANT_TRAINING'),
('EACIV_ULFHETHNAR',	'TECH_IRON_WORKING'		),
('EACIV_ULFHETHNAR',	'TECH_METAL_CASTING'	),
('EACIV_ULFHETHNAR',	'TECH_WAR_ELEPHANTS'	),
('EACIV_ULFHETHNAR',	'TECH_MUMAKIL_RIDING'	),


('EACIV_MORRIGNA',		'TECH_DOMESTICATION'	),
('EACIV_MORRIGNA',		'TECH_MINING'			),
('EACIV_MORRIGNA',		'TECH_HORSEBACK_RIDING'	),
('EACIV_MORRIGNA',		'TECH_ANIMAL_HUSBANDRY'	),
('EACIV_MORRIGNA',		'TECH_BRONZE_WORKING'	),
('EACIV_MORRIGNA',		'TECH_STIRRUPS'			),
('EACIV_MORRIGNA',		'TECH_IRON_WORKING'		),
('EACIV_MORRIGNA',		'TECH_METAL_CASTING'	),
('EACIV_MORRIGNA',		'TECH_WAR_HORSES'		),
('EACIV_MORRIGNA',		'TECH_STEEL_WORKING'	),
('EACIV_MORRIGNA',		'TECH_ELEMENTAL_FORGING'),
('EACIV_MORRIGNA',		'TECH_MITHRIL_WORKING'	),

('EACIV_MACHAE',		'TECH_MINING'			),
('EACIV_MACHAE',		'TECH_ARCHERY'			),
('EACIV_MACHAE',		'TECH_MATHEMATICS'		),
('EACIV_MACHAE',		'TECH_BRONZE_WORKING'	),
('EACIV_MACHAE',		'TECH_BOWYERS'			),
('EACIV_MACHAE',		'TECH_ALCHEMY'			),
('EACIV_MACHAE',		'TECH_MECHANICS'		),
('EACIV_MACHAE',		'TECH_IRON_WORKING'		),
('EACIV_MACHAE',		'TECH_MARKSMANSHIP'		),
('EACIV_MACHAE',		'TECH_CHEMISTRY'		),
('EACIV_MACHAE',		'TECH_METAL_CASTING'	),
('EACIV_MACHAE',		'TECH_MACHINERY'		),
('EACIV_MACHAE',		'TECH_STEAM_POWER'		),

('EACIV_BODWA',			'TECH_DOMESTICATION'	),
('EACIV_BODWA',			'TECH_HUNTING'			),
('EACIV_BODWA',			'TECH_FISHING'			),
('EACIV_BODWA',			'TECH_AGRICULTURE'		),
('EACIV_BODWA',			'TECH_MINING'			),
('EACIV_BODWA',			'TECH_ANIMAL_HUSBANDRY'	),
('EACIV_BODWA',			'TECH_ELEPHANT_LABOR'	),
('EACIV_BODWA',			'TECH_SAILING'			),
('EACIV_BODWA',			'TECH_BRONZE_WORKING'	),
('EACIV_BODWA',			'TECH_ELEPHANT_TRAINING'),
('EACIV_BODWA',			'TECH_IRON_WORKING'		),
('EACIV_BODWA',			'TECH_METAL_CASTING'	),
('EACIV_BODWA',			'TECH_WAR_ELEPHANTS'	),
('EACIV_BODWA',			'TECH_MUMAKIL_RIDING'	),

('EACIV_THEANON',		'TECH_AGRICULTURE'		),
('EACIV_THEANON',		'TECH_WRITING'			),
('EACIV_THEANON',		'TECH_CALENDAR'			),
('EACIV_THEANON',		'TECH_PHILOSOPHY'		),
('EACIV_THEANON',		'TECH_DRAMA'			),
('EACIV_THEANON',		'TECH_MATHEMATICS'		),
('EACIV_THEANON',		'TECH_LOGIC'			),
('EACIV_THEANON',		'TECH_LITERATURE'		),
('EACIV_THEANON',		'TECH_MUSIC'			),
('EACIV_THEANON',		'TECH_ALCHEMY'			),
('EACIV_THEANON',		'TECH_SEMIOTICS'		),
('EACIV_THEANON',		'TECH_METAPHYSICS'		),
('EACIV_THEANON',		'TECH_TRANSCENDENTAL_THOUGHT'),

('EACIV_SAGUENAY',		'TECH_WRITING'			),
('EACIV_SAGUENAY',		'TECH_MINING'			),
('EACIV_SAGUENAY',		'TECH_WEAVING'			),
('EACIV_SAGUENAY',		'TECH_ZYMURGY'			),
('EACIV_SAGUENAY',		'TECH_PHILOSOPHY'		),
('EACIV_SAGUENAY',		'TECH_DRAMA'			),
('EACIV_SAGUENAY',		'TECH_MASONRY'			),
('EACIV_SAGUENAY',		'TECH_BRONZE_WORKING'	),
('EACIV_SAGUENAY',		'TECH_FINE_TEXTILES'	),
('EACIV_SAGUENAY',		'TECH_OENOLOGY'			),
('EACIV_SAGUENAY',		'TECH_LITERATURE'		),
('EACIV_SAGUENAY',		'TECH_CONSTRUCTION'		),
('EACIV_SAGUENAY',		'TECH_ARCHITECTURE'		),
--('EACIV_SAGUENAY',		'TECH_ETHEREAL_ARCHITECTURE'),

('EACIV_ALBION',		'TECH_HUNTING'			),
('EACIV_ALBION',		'TECH_WRITING'			),
('EACIV_ALBION',		'TECH_ARCHERY'			),
('EACIV_ALBION',		'TECH_PHILOSOPHY'		),
('EACIV_ALBION',		'TECH_DRAMA'			),
('EACIV_ALBION',		'TECH_MATHEMATICS'		),
('EACIV_ALBION',		'TECH_LITERATURE'		),
('EACIV_ALBION',		'TECH_MUSIC'			),
('EACIV_ALBION',		'TECH_SEMIOTICS'		),
--('EACIV_ALBION',		'TECH_ILLUSION'			),
--('EACIV_ALBION',		'TECH_ENCHANTMENT'		),
('EACIV_ALBION',		'TECH_METAPHYSICS'		),
('EACIV_ALBION',		'TECH_AESTHETICS'		),
('EACIV_ALBION',		'TECH_ARCHITECTURE'		),

('EACIV_TIR_ECNE',		'TECH_AGRICULTURE'		),
('EACIV_TIR_ECNE',		'TECH_WRITING'			),
('EACIV_TIR_ECNE',		'TECH_CALENDAR'			),
('EACIV_TIR_ECNE',		'TECH_PHILOSOPHY'		),
('EACIV_TIR_ECNE',		'TECH_DRAMA'			),
('EACIV_TIR_ECNE',		'TECH_MATHEMATICS'		),
('EACIV_TIR_ECNE',		'TECH_LOGIC'			),
('EACIV_TIR_ECNE',		'TECH_LITERATURE'		),
('EACIV_TIR_ECNE',		'TECH_MUSIC'			),
('EACIV_TIR_ECNE',		'TECH_ALCHEMY'			),
('EACIV_TIR_ECNE',		'TECH_SEMIOTICS'		),
('EACIV_TIR_ECNE',		'TECH_METAPHYSICS'		),
('EACIV_TIR_ECNE',		'TECH_TRANSCENDENTAL_THOUGHT'),

('EACIV_NOUDONT',		'TECH_WRITING'			),
('EACIV_NOUDONT',		'TECH_MINING'			),
('EACIV_NOUDONT',		'TECH_WEAVING'			),
('EACIV_NOUDONT',		'TECH_ZYMURGY'			),
('EACIV_NOUDONT',		'TECH_PHILOSOPHY'		),
('EACIV_NOUDONT',		'TECH_DRAMA'			),
('EACIV_NOUDONT',		'TECH_MASONRY'			),
('EACIV_NOUDONT',		'TECH_BRONZE_WORKING'	),
('EACIV_NOUDONT',		'TECH_FINE_TEXTILES'	),
('EACIV_NOUDONT',		'TECH_OENOLOGY'			),
('EACIV_NOUDONT',		'TECH_LITERATURE'		),
('EACIV_NOUDONT',		'TECH_CONSTRUCTION'		),
('EACIV_NOUDONT',		'TECH_ARCHITECTURE'		),
--('EACIV_NOUDONT',		'TECH_ETHEREAL_ARCHITECTURE'),

('EACIV_AES_DANA',		'TECH_HUNTING'			),
('EACIV_AES_DANA',		'TECH_WRITING'			),
('EACIV_AES_DANA',		'TECH_ARCHERY'			),
('EACIV_AES_DANA',		'TECH_PHILOSOPHY'		),
('EACIV_AES_DANA',		'TECH_DRAMA'			),
('EACIV_AES_DANA',		'TECH_MATHEMATICS'		),
('EACIV_AES_DANA',		'TECH_LITERATURE'		),
('EACIV_AES_DANA',		'TECH_MUSIC'			),
('EACIV_AES_DANA',		'TECH_SEMIOTICS'		),
--('EACIV_AES_DANA',	'TECH_ILLUSION'			),
--('EACIV_AES_DANA',	'TECH_ENCHANTMENT'		),
('EACIV_AES_DANA',		'TECH_METAPHYSICS'		),
('EACIV_AES_DANA',		'TECH_AESTHETICS'		),
('EACIV_AES_DANA',		'TECH_ARCHITECTURE'		),

('EACIV_SUDDENE',		'TECH_CURRENCY'			),
('EACIV_SUDDENE',		'TECH_MINING'			),
('EACIV_SUDDENE',		'TECH_SAILING'			),
('EACIV_SUDDENE',		'TECH_MILLING'			),
('EACIV_SUDDENE',		'TECH_WEAVING'			),
('EACIV_SUDDENE',		'TECH_ZYMURGY'			),
('EACIV_SUDDENE',		'TECH_CALENDAR'			),
('EACIV_SUDDENE',		'TECH_MATHEMATICS'		),
('EACIV_SUDDENE',		'TECH_COINAGE'			),
('EACIV_SUDDENE',		'TECH_SHIP_BUILDING'	),
('EACIV_SUDDENE',		'TECH_ASTRONOMY'		),
('EACIV_SUDDENE',		'TECH_BANKING'			),
('EACIV_SUDDENE',		'TECH_NAVIGATION'		),

('EACIV_PARTHOLON',		'TECH_CURRENCY'			),
('EACIV_PARTHOLON',		'TECH_MINING'			),
('EACIV_PARTHOLON',		'TECH_SAILING'			),
('EACIV_PARTHOLON',		'TECH_MILLING'			),
('EACIV_PARTHOLON',		'TECH_CALENDAR'			),
('EACIV_PARTHOLON',		'TECH_PHILOSOPHY'		),
('EACIV_PARTHOLON',		'TECH_DRAMA'			),
('EACIV_PARTHOLON',		'TECH_MATHEMATICS'		),
('EACIV_PARTHOLON',		'TECH_COINAGE'			),
('EACIV_PARTHOLON',		'TECH_SHIP_BUILDING'	),
('EACIV_PARTHOLON',		'TECH_ASTRONOMY'		),
('EACIV_PARTHOLON',		'TECH_NAVIGATION'		),
('EACIV_PARTHOLON',		'TECH_NAVAL_ENGINEERING'),

('EACIV_DAL_FIATACH',	'TECH_CURRENCY'			),
('EACIV_DAL_FIATACH',	'TECH_MINING'			),
('EACIV_DAL_FIATACH',	'TECH_SAILING'			),
('EACIV_DAL_FIATACH',	'TECH_MILLING'			),
('EACIV_DAL_FIATACH',	'TECH_WEAVING'			),
('EACIV_DAL_FIATACH',	'TECH_ZYMURGY'			),
('EACIV_DAL_FIATACH',	'TECH_CALENDAR'			),
('EACIV_DAL_FIATACH',	'TECH_MATHEMATICS'		),
('EACIV_DAL_FIATACH',	'TECH_COINAGE'			),
('EACIV_DAL_FIATACH',	'TECH_SHIP_BUILDING'	),
('EACIV_DAL_FIATACH',	'TECH_ASTRONOMY'		),
('EACIV_DAL_FIATACH',	'TECH_BANKING'			),
('EACIV_DAL_FIATACH',	'TECH_NAVIGATION'		),

('EACIV_DAIRINE',		'TECH_CURRENCY'			),
('EACIV_DAIRINE',		'TECH_MINING'			),
('EACIV_DAIRINE',		'TECH_SAILING'			),
('EACIV_DAIRINE',		'TECH_MILLING'			),
('EACIV_DAIRINE',		'TECH_CALENDAR'			),
('EACIV_DAIRINE',		'TECH_PHILOSOPHY'		),
('EACIV_DAIRINE',		'TECH_DRAMA'			),
('EACIV_DAIRINE',		'TECH_MATHEMATICS'		),
('EACIV_DAIRINE',		'TECH_COINAGE'			),
('EACIV_DAIRINE',		'TECH_SHIP_BUILDING'	),
('EACIV_DAIRINE',		'TECH_ASTRONOMY'		),
('EACIV_DAIRINE',		'TECH_NAVIGATION'		),
('EACIV_DAIRINE',		'TECH_NAVAL_ENGINEERING'),

('EACIV_MOR',			'TECH_CURRENCY'			),
('EACIV_MOR',			'TECH_MINING'			),
('EACIV_MOR',			'TECH_SAILING'			),
('EACIV_MOR',			'TECH_MILLING'			),
('EACIV_MOR',			'TECH_MATHEMATICS'		),
('EACIV_MOR',			'TECH_COINAGE'			),
('EACIV_MOR',			'TECH_BRONZE_WORKING'	),
('EACIV_MOR',			'TECH_SHIP_BUILDING'	),
('EACIV_MOR',			'TECH_ASTRONOMY'		),
('EACIV_MOR',			'TECH_ALCHEMY'			),
('EACIV_MOR',			'TECH_IRON_WORKING'		),
('EACIV_MOR',			'TECH_NAVIGATION'		),
('EACIV_MOR',			'TECH_CHEMISTRY'		),

('EACIV_DOKKALFAR',		'TECH_DOMESTICATION'	),
('EACIV_DOKKALFAR',		'TECH_HUNTING'			),
('EACIV_DOKKALFAR',		'TECH_AGRICULTURE'		),
('EACIV_DOKKALFAR',		'TECH_ANIMAL_HUSBANDRY'	),
('EACIV_DOKKALFAR',		'TECH_MILLING'			),
('EACIV_DOKKALFAR',		'TECH_IRRIGATION'		),
('EACIV_DOKKALFAR',		'TECH_COINAGE'			),
('EACIV_DOKKALFAR',		'TECH_MASONRY'			),
('EACIV_DOKKALFAR',		'TECH_BRONZE_WORKING'	),
('EACIV_DOKKALFAR',		'TECH_ANIMAL_INDUSTRY'	),
('EACIV_DOKKALFAR',		'TECH_CROP_ROTATION'	),
('EACIV_DOKKALFAR',		'TECH_CONSTRUCTION'		),
('EACIV_DOKKALFAR',		'TECH_IRON_WORKING'		),
('EACIV_DOKKALFAR',		'TECH_METAL_CASTING'	),

('EACIV_LJOSALFAR',		'TECH_HUNTING'			),
('EACIV_LJOSALFAR',		'TECH_TRACKING_TRAPPING'),
('EACIV_LJOSALFAR',		'TECH_ARCHERY'			),
('EACIV_LJOSALFAR',		'TECH_WEAVING'			),
('EACIV_LJOSALFAR',		'TECH_THAUMATURGY'		),
('EACIV_LJOSALFAR',		'TECH_PHILOSOPHY'		),
('EACIV_LJOSALFAR',		'TECH_DRAMA'			),
('EACIV_LJOSALFAR',		'TECH_GAMEKEEPING'		),
('EACIV_LJOSALFAR',		'TECH_BOWYERS'			),
('EACIV_LJOSALFAR',		'TECH_LOGIC'			),
('EACIV_LJOSALFAR',		'TECH_LITERATURE'		),
('EACIV_LJOSALFAR',		'TECH_MUSIC'			),
('EACIV_LJOSALFAR',		'TECH_AESTHETICS'		),
('EACIV_LJOSALFAR',		'TECH_ARCHITECTURE'		),
--('EACIV_LJOSALFAR',		'TECH_ETHEREAL_ARCHITECTURE'),

('EACIV_SEGOYIM',		'TECH_HUNTING'			),
('EACIV_SEGOYIM',		'TECH_TRACKING_TRAPPING'),
('EACIV_SEGOYIM',		'TECH_ARCHERY'			),
('EACIV_SEGOYIM',		'TECH_ZYMURGY'			),
('EACIV_SEGOYIM',		'TECH_THAUMATURGY'		),
('EACIV_SEGOYIM',		'TECH_PHILOSOPHY'		),
('EACIV_SEGOYIM',		'TECH_DRAMA'			),
('EACIV_SEGOYIM',		'TECH_GAMEKEEPING'		),
('EACIV_SEGOYIM',		'TECH_CONJURATION'		),
('EACIV_SEGOYIM',		'TECH_TRANSMUTATION'	),
('EACIV_SEGOYIM',		'TECH_LOGIC'			),
('EACIV_SEGOYIM',		'TECH_EVOCATION'		),
('EACIV_SEGOYIM',		'TECH_ABJURATION'		),
('EACIV_SEGOYIM',		'TECH_INVOCATION'		),
('EACIV_SEGOYIM',		'TECH_GREATER_ARCANA'	),

('EACIV_HY_BREASIL',	'TECH_FISHING'			),
('EACIV_HY_BREASIL',	'TECH_HARPOONS'			),
('EACIV_HY_BREASIL',	'TECH_SAILING'			),
('EACIV_HY_BREASIL',	'TECH_MILLING'			),
('EACIV_HY_BREASIL',	'TECH_CALENDAR'			),
('EACIV_HY_BREASIL',	'TECH_MATHEMATICS'		),
('EACIV_HY_BREASIL',	'TECH_SHIP_BUILDING'	),
('EACIV_HY_BREASIL',	'TECH_ASTRONOMY'		),
('EACIV_HY_BREASIL',	'TECH_ALCHEMY'			),
('EACIV_HY_BREASIL',	'TECH_NAVIGATION'		),
('EACIV_HY_BREASIL',	'TECH_WHALING'			),
('EACIV_HY_BREASIL',	'TECH_NAVAL_ENGINEERING'),
('EACIV_HY_BREASIL',	'TECH_ADV_NAVAL_ENGINEERING'),

('EACIV_AGARTHA',		'TECH_MINING'			),
('EACIV_AGARTHA',		'TECH_MATHEMATICS'		),
('EACIV_AGARTHA',		'TECH_MASONRY'			),
('EACIV_AGARTHA',		'TECH_BRONZE_WORKING'	),
('EACIV_AGARTHA',		'TECH_DEEP_MINING'		),
('EACIV_AGARTHA',		'TECH_ALCHEMY'			),
('EACIV_AGARTHA',		'TECH_CONSTRUCTION'		),
('EACIV_AGARTHA',		'TECH_IRON_WORKING'		),
('EACIV_AGARTHA',		'TECH_EARTH_DIVINATION'	),
('EACIV_AGARTHA',		'TECH_METAL_CASTING'	),
('EACIV_AGARTHA',		'TECH_STEEL_WORKING'	),
('EACIV_AGARTHA',		'TECH_ELEMENTAL_FORGING'),
('EACIV_AGARTHA',		'TECH_MITHRIL_WORKING'	),

('EACIV_YS',			'TECH_WRITING'			),
('EACIV_YS',			'TECH_CALENDAR'			),
('EACIV_YS',			'TECH_PHILOSOPHY'		),
('EACIV_YS',			'TECH_DRAMA'			),
('EACIV_YS',			'TECH_MATHEMATICS'		),
('EACIV_YS',			'TECH_ASTRONOMY'		),
('EACIV_YS',			'TECH_LOGIC'			),
('EACIV_YS',			'TECH_LITERATURE'		),
('EACIV_YS',			'TECH_MUSIC'			),
('EACIV_YS',			'TECH_ALCHEMY'			),
('EACIV_YS',			'TECH_MECHANICS'		),
('EACIV_YS',			'TECH_SEMIOTICS'		),
('EACIV_YS',			'TECH_METAPHYSICS'		),
('EACIV_YS',			'TECH_TRANSCENDENTAL_THOUGHT'),

('EACIV_TYRE',			'TECH_CURRENCY'			),
('EACIV_TYRE',			'TECH_MINING'			),
('EACIV_TYRE',			'TECH_SAILING'			),
('EACIV_TYRE',			'TECH_MILLING'			),
('EACIV_TYRE',			'TECH_WEAVING'			),
('EACIV_TYRE',			'TECH_ZYMURGY'			),
('EACIV_TYRE',			'TECH_IRRIGATION'		),
('EACIV_TYRE',			'TECH_CALENDAR'			),
('EACIV_TYRE',			'TECH_COINAGE'			),
('EACIV_TYRE',			'TECH_SHIP_BUILDING'	),
('EACIV_TYRE',			'TECH_FINE_TEXTILES'	),
('EACIV_TYRE',			'TECH_OENOLOGY'			),
('EACIV_TYRE',			'TECH_BANKING'			),
('EACIV_TYRE',			'TECH_NAVIGATION'		),

('EACIV_GERZAH',		'TECH_CURRENCY'			),
('EACIV_GERZAH',		'TECH_MINING'			),
('EACIV_GERZAH',		'TECH_COINAGE'			),
('EACIV_GERZAH',		'TECH_BRONZE_WORKING'	),
('EACIV_GERZAH',		'TECH_DEEP_MINING'		),
('EACIV_GERZAH',		'TECH_ALCHEMY'			),
('EACIV_GERZAH',		'TECH_CONSTRUCTION'		),
('EACIV_GERZAH',		'TECH_IRON_WORKING'		),
('EACIV_GERZAH',		'TECH_ENGINEERING'		),
('EACIV_GERZAH',		'TECH_METAL_CASTING'	),
('EACIV_GERZAH',		'TECH_MACHINERY'		),
('EACIV_GERZAH',		'TECH_STEEL_WORKING'	),
('EACIV_GERZAH',		'TECH_STEAM_POWER'		),

('EACIV_PALARE',		'TECH_WRITING'			),
('EACIV_PALARE',		'TECH_WEAVING'			),
('EACIV_PALARE',		'TECH_ZYMURGY'			),
('EACIV_PALARE',		'TECH_CALENDAR'			),
('EACIV_PALARE',		'TECH_PHILOSOPHY'		),
('EACIV_PALARE',		'TECH_DRAMA'			),
('EACIV_PALARE',		'TECH_MATHEMATICS'		),
('EACIV_PALARE',		'TECH_OENOLOGY'			),
('EACIV_PALARE',		'TECH_LITERATURE'		),
('EACIV_PALARE',		'TECH_MUSIC'			),
('EACIV_PALARE',		'TECH_CONSTRUCTION'		),
--('EACIV_PALARE',		'TECH_ILLUSION'			),
--('EACIV_PALARE',		'TECH_ENCHANTMENT'		),
('EACIV_PALARE',		'TECH_ENGINEERING'		),
('EACIV_PALARE',		'TECH_AESTHETICS'		),
('EACIV_PALARE',		'TECH_ARCHITECTURE'		),

('EACIV_MAYD',			'TECH_FISHING'			),
('EACIV_MAYD',			'TECH_HARPOONS'			),
('EACIV_MAYD',			'TECH_SAILING'			),
('EACIV_MAYD',			'TECH_MILLING'			),
('EACIV_MAYD',			'TECH_CALENDAR'			),
('EACIV_MAYD',			'TECH_MATHEMATICS'		),
('EACIV_MAYD',			'TECH_SHIP_BUILDING'	),
('EACIV_MAYD',			'TECH_ASTRONOMY'		),
('EACIV_MAYD',			'TECH_ALCHEMY'			),
('EACIV_MAYD',			'TECH_NAVIGATION'		),
('EACIV_MAYD',			'TECH_WHALING'			),
('EACIV_MAYD',			'TECH_NAVAL_ENGINEERING'),
('EACIV_MAYD',			'TECH_ADV_NAVAL_ENGINEERING'),

('EACIV_SISUKAS',		'TECH_MINING'			),
('EACIV_SISUKAS',		'TECH_MATHEMATICS'		),
('EACIV_SISUKAS',		'TECH_BRONZE_WORKING'	),
('EACIV_SISUKAS',		'TECH_DEEP_MINING'		),
('EACIV_SISUKAS',		'TECH_ALCHEMY'			),
('EACIV_SISUKAS',		'TECH_IRON_WORKING'		),
('EACIV_SISUKAS',		'TECH_EARTH_DIVINATION'	),
('EACIV_SISUKAS',		'TECH_CHEMISTRY'		),
('EACIV_SISUKAS',		'TECH_METAL_CASTING'	),
('EACIV_SISUKAS',		'TECH_STEEL_WORKING'	),
('EACIV_SISUKAS',		'TECH_ELEMENTAL_FORGING'),
('EACIV_SISUKAS',		'TECH_MITHRIL_WORKING'	),

('EACIV_ITH',			'TECH_HUNTING'			),
('EACIV_ITH',			'TECH_FISHING'			),
('EACIV_ITH',			'TECH_CURRENCY'			),
('EACIV_ITH',			'TECH_TRACKING_TRAPPING'),
('EACIV_ITH',			'TECH_ARCHERY'			),
('EACIV_ITH',			'TECH_HARPOONS'			),
('EACIV_ITH',			'TECH_SAILING'			),
('EACIV_ITH',			'TECH_GAMEKEEPING'		),
('EACIV_ITH',			'TECH_BOWYERS'			),
('EACIV_ITH',			'TECH_ASTRONOMY'		),
('EACIV_ITH',			'TECH_ANIMAL_MASTERY'	),
('EACIV_ITH',			'TECH_MARKSMANSHIP'		),
('EACIV_ITH',			'TECH_BEAST_MASTERY'	),


('EACIV_EBOR',			'TECH_DOMESTICATION'	),
('EACIV_EBOR',			'TECH_HUNTING'			),
('EACIV_EBOR',			'TECH_ANIMAL_HUSBANDRY'	),
('EACIV_EBOR',			'TECH_ELEPHANT_LABOR'	),
('EACIV_EBOR',			'TECH_TRACKING_TRAPPING'),
('EACIV_EBOR',			'TECH_ELEPHANT_TRAINING'),
('EACIV_EBOR',			'TECH_GAMEKEEPING'		),
('EACIV_EBOR',			'TECH_ANIMAL_MASTERY'	),
('EACIV_EBOR',			'TECH_WAR_ELEPHANTS'	),
('EACIV_EBOR',			'TECH_BEAST_MASTERY'	),
('EACIV_EBOR',			'TECH_MUMAKIL_RIDING'	),

('EACIV_PHRYGES',		'TECH_DOMESTICATION'	),
('EACIV_PHRYGES',		'TECH_MINING'			),
('EACIV_PHRYGES',		'TECH_HORSEBACK_RIDING'	),
('EACIV_PHRYGES',		'TECH_ANIMAL_HUSBANDRY'	),
('EACIV_PHRYGES',		'TECH_ARCHERY'			),
('EACIV_PHRYGES',		'TECH_BRONZE_WORKING'	),
('EACIV_PHRYGES',		'TECH_STIRRUPS'			),
('EACIV_PHRYGES',		'TECH_ANIMAL_INDUSTRY'	),
('EACIV_PHRYGES',		'TECH_BOWYERS'			),
('EACIV_PHRYGES',		'TECH_IRON_WORKING'		),
('EACIV_PHRYGES',		'TECH_ANIMAL_BREEDING'	),
('EACIV_PHRYGES',		'TECH_ANIMAL_MASTERY'	),
('EACIV_PHRYGES',		'TECH_WAR_HORSES'		);


CREATE TABLE EaCiv_EnabledPolicies ('EaCivType' TEXT NOT NULL, 'PolicyType' TEXT NOT NULL, 'GridX' INTEGER, 'GridY' INTEGER);

INSERT INTO EaCiv_EnabledPolicies (EaCivType, PolicyType, GridX, GridY) VALUES
('EACIV_HIPPUS',		'POLICY_PASTORALISTS',			1,	2),
('EACIV_HIPPUS',		'POLICY_ANIMAL_BREEDERS',		1,	3),
('EACIV_HIPPUS',		'POLICY_HORSE_TRIBES',			3,	3),
('EACIV_HIPPUS',		'POLICY_TRADERS',				3,	1),
('EACIV_HIPPUS',		'POLICY_CARAVANERS',			3,	2),
('EACIV_HIPPUS',		'POLICY_MERCHANTS',				5,	2),
('EACIV_HIPPUS',		'POLICY_MASTER_MERCENARIES',	5,	3),

('EACIV_IKKOS',			'POLICY_PASTORALISTS',			1,	1),
('EACIV_IKKOS',			'POLICY_NOMADS',				3,	1),
('EACIV_IKKOS',			'POLICY_TRADERS',				5,	1),
('EACIV_IKKOS',			'POLICY_CARAVANERS',			5,	2),
('EACIV_IKKOS',			'POLICY_ANIMAL_BREEDERS',		1,	2),
('EACIV_IKKOS',			'POLICY_HORSE_TRIBES',			3,	2),
('EACIV_IKKOS',			'POLICY_HORSELORDS',			3,	3),

('EACIV_AB',			'POLICY_PASTORALISTS',			1,	1),
('EACIV_AB',			'POLICY_HUNTERS',				3,	1),
('EACIV_AB',			'POLICY_NOMADS',				5,	1),
('EACIV_AB',			'POLICY_WOODSMEN',				1,	2),
('EACIV_AB',			'POLICY_ANIMAL_MASTERS',		3,	2),
('EACIV_AB',			'POLICY_ELEPHANT_TAMERS',		5,	2),
('EACIV_AB',			'POLICY_BEASTMASTERS',			3,	3),

('EACIV_FIR_BOLG',		'POLICY_FARMERS',				1,	1),
('EACIV_FIR_BOLG',		'POLICY_PASTORALISTS',			3,	1),
('EACIV_FIR_BOLG',		'POLICY_NOMADS',				5,	1),
('EACIV_FIR_BOLG',		'POLICY_HORSE_TRIBES',			1,	2),
('EACIV_FIR_BOLG',		'POLICY_ANIMAL_BREEDERS',		3,	2),
('EACIV_FIR_BOLG',		'POLICY_TRADERS',				5,	2),
('EACIV_FIR_BOLG',		'POLICY_CARAVANERS',			5,	3),

('EACIV_CRUITHNI',		'POLICY_WOODSMEN',				1,	1),
('EACIV_CRUITHNI',		'POLICY_HUNTERS',				3,	1),
('EACIV_CRUITHNI',		'POLICY_NOMADS',				5,	1),
('EACIV_CRUITHNI',		'POLICY_ARCHERS',				1,	2),
('EACIV_CRUITHNI',		'POLICY_ANIMAL_MASTERS',		3,	2),
('EACIV_CRUITHNI',		'POLICY_TUNDRA_NOMADS',			5,	2),
('EACIV_CRUITHNI',		'POLICY_BEASTMASTERS',			3,	3),

('EACIV_CRECY',			'POLICY_WOODSMEN',				1,	1),
('EACIV_CRECY',			'POLICY_ARCHERS',				3,	1),
('EACIV_CRECY',			'POLICY_HUNTERS',				5,	1),
('EACIV_CRECY',			'POLICY_MARKSMEN',				3,	2),
('EACIV_CRECY',			'POLICY_WAR_TECTICIANS',		5,	2),
('EACIV_CRECY',			'POLICY_MASTER_MARKSMEN',		3,	3),
('EACIV_CRECY',			'POLICY_WAR_STRATEGISTS',		5,	3),

('EACIV_DAGGOO',		'POLICY_HUNTERS',				1,	1),
('EACIV_DAGGOO',		'POLICY_NOMADS',				3,	1),
('EACIV_DAGGOO',		'POLICY_SEAFARERS',				5,	1),
('EACIV_DAGGOO',		'POLICY_ANIMAL_MASTERS',		1,	2),
('EACIV_DAGGOO',		'POLICY_WHALERS',				3,	2),
('EACIV_DAGGOO',		'POLICY_ASTRONOMERS_2',			5,	2),
('EACIV_DAGGOO',		'POLICY_LEVIATHAN_HUNTERS',		3,	3),

('EACIV_FOMHOIRE',		'POLICY_TRADERS',				1,	1),
('EACIV_FOMHOIRE',		'POLICY_SEAFARERS',				3,	1),
('EACIV_FOMHOIRE',		'POLICY_WHALERS',				5,	1),
('EACIV_FOMHOIRE',		'POLICY_SEA_TRADERS',			1,	2),
('EACIV_FOMHOIRE',		'POLICY_SHIP_BUILDERS',			3,	2),
('EACIV_FOMHOIRE',		'POLICY_ASTRONOMERS_2',			5,	2),
('EACIV_FOMHOIRE',		'POLICY_NAVAL_ENGINEERS',		3,	3),

('EACIV_PARAKHORA',		'POLICY_FARMERS',				1,	1),
('EACIV_PARAKHORA',		'POLICY_ENGINEERS',				3,	1),
('EACIV_PARAKHORA',		'POLICY_PASTORALISTS',			5,	1),
('EACIV_PARAKHORA',		'POLICY_MILLERS',				1,	2),
('EACIV_PARAKHORA',		'POLICY_MACHINISTS',			3,	2),
('EACIV_PARAKHORA',		'POLICY_CIVIL_ENGINEERS',		5,	2),
('EACIV_PARAKHORA',		'POLICY_ADVANCED_AGRICULTURALISTS',	1,	3),

('EACIV_NEITH',			'POLICY_PASTORALISTS',			1,	1),
('EACIV_NEITH',			'POLICY_CRAFTSMEN',				3,	1),
('EACIV_NEITH',			'POLICY_FARMERS',				5,	1),
('EACIV_NEITH',			'POLICY_TRADERS',				1,	2),
('EACIV_NEITH',			'POLICY_WEAVERS',				3,	2),
('EACIV_NEITH',			'POLICY_CARAVANERS',			1,	3),
('EACIV_NEITH',			'POLICY_MASTER_WEAVERS',		3,	3),

('EACIV_ELEUTHERIOS',	'POLICY_TRADERS',				1,	1),
('EACIV_ELEUTHERIOS',	'POLICY_CRAFTSMEN',				3,	1),
('EACIV_ELEUTHERIOS',	'POLICY_FARMERS',				5,	1),
('EACIV_ELEUTHERIOS',	'POLICY_CARAVANERS',			1,	2),
('EACIV_ELEUTHERIOS',	'POLICY_BREWERS',				3,	2),
('EACIV_ELEUTHERIOS',	'POLICY_BARDS',					5,	2),
('EACIV_ELEUTHERIOS',	'POLICY_OENOLOGISTS',			3,	3),

('EACIV_NINKASI',		'POLICY_TRADERS',				1,	1),
('EACIV_NINKASI',		'POLICY_CRAFTSMEN',				3,	1),
('EACIV_NINKASI',		'POLICY_FARMERS',				5,	1),
('EACIV_NINKASI',		'POLICY_CARAVANERS',			1,	2),
('EACIV_NINKASI',		'POLICY_BREWERS',				3,	2),
('EACIV_NINKASI',		'POLICY_BARDS',					5,	2),
('EACIV_NINKASI',		'POLICY_MASTER_BREWERS',		3,	3),

('EACIV_GIRNAR',		'POLICY_ENGINEERS',				1,	1),
('EACIV_GIRNAR',		'POLICY_FARMERS',				3,	1),
('EACIV_GIRNAR',		'POLICY_PASTORALISTS',			5,	1),
('EACIV_GIRNAR',		'POLICY_CIVIL_ENGINEERS',		1,	2),
('EACIV_GIRNAR',		'POLICY_MILLERS',				3,	2),
('EACIV_GIRNAR',		'POLICY_TRADERS',				5,	2),
('EACIV_GIRNAR',		'POLICY_ADVANCED_AGRICULTURALISTS',	3,	3),

('EACIV_ALDEBAR',		'POLICY_SEAFARERS',				1,	1),
('EACIV_ALDEBAR',		'POLICY_TRADERS',				3,	1),
('EACIV_ALDEBAR',		'POLICY_FARMERS',				5,	1),
('EACIV_ALDEBAR',		'POLICY_ASTRONOMERS_2',			1,	2),
('EACIV_ALDEBAR',		'POLICY_SEA_TRADERS',			3,	2),
('EACIV_ALDEBAR',		'POLICY_CARAVANERS',			5,	2),
('EACIV_ALDEBAR',		'POLICY_EXOTIC_TRADERS',		3,	3),

('EACIV_ANAPHORA',		'POLICY_TRADERS',				1,	1),
('EACIV_ANAPHORA',		'POLICY_SCHOLARS',				3,	1),
('EACIV_ANAPHORA',		'POLICY_MISSIONARIES',			5,	1),
('EACIV_ANAPHORA',		'POLICY_CARAVANERS',			1,	2),
('EACIV_ANAPHORA',		'POLICY_DIVINE_SCHOLARS',		3,	2),
('EACIV_ANAPHORA',		'POLICY_PHILOSOPHERS',			5,	2),
('EACIV_ANAPHORA',		'POLICY_THEOLOGISTS',			3,	3),

('EACIV_ISALLIN',		'POLICY_MISSIONARIES',			1,	1),
('EACIV_ISALLIN',		'POLICY_SCHOLARS',				3,	1),
('EACIV_ISALLIN',		'POLICY_ZEALOTS',				1,	2),
('EACIV_ISALLIN',		'POLICY_DIVINE_SCHOLARS',		3,	2),
('EACIV_ISALLIN',		'POLICY_PHILOSOPHERS',			5,	2),
('EACIV_ISALLIN',		'POLICY_CRUSADERS',				1,	3),
('EACIV_ISALLIN',		'POLICY_THEOLOGISTS',			3,	3),

('EACIV_STYGIA',		'POLICY_SCHOLARS',				1,	1),
('EACIV_STYGIA',		'POLICY_ALCHEMISTS',			3,	1),
('EACIV_STYGIA',		'POLICY_HERBALISTS',			5,	1),
('EACIV_STYGIA',		'POLICY_ARCANE_SCHOLARS',		1,	2),
('EACIV_STYGIA',		'POLICY_PHILOSOPHERS',			3,	2),
('EACIV_STYGIA',		'POLICY_POTION_MAKERS',			5,	2),
('EACIV_STYGIA',		'POLICY_DEMONOLOGISTS',			1,	3),
('EACIV_STYGIA',		'POLICY_HELL_DENIZENS',			5,	3),

('EACIV_MORIQUENDI',	'POLICY_SCHOLARS',				1,	1),
('EACIV_MORIQUENDI',	'POLICY_ALCHEMISTS',			3,	1),
('EACIV_MORIQUENDI',	'POLICY_HERBALISTS',			5,	1),
('EACIV_MORIQUENDI',	'POLICY_ARCANE_SCHOLARS',		1,	2),
('EACIV_MORIQUENDI',	'POLICY_PHILOSOPHERS',			3,	2),
('EACIV_MORIQUENDI',	'POLICY_POTION_MAKERS',			5,	2),
('EACIV_MORIQUENDI',	'POLICY_DEMONOLOGISTS',			1,	3),
('EACIV_MORIQUENDI',	'POLICY_HELL_DENIZENS',			5,	3),

('EACIV_LEMURIA',		'POLICY_ENCHANTERS',			1,	1),
('EACIV_LEMURIA',		'POLICY_SCHOLARS',				3,	1),
('EACIV_LEMURIA',		'POLICY_CONJURORS',				5,	1),
('EACIV_LEMURIA',		'POLICY_ARCANE_SCHOLARS',		3,	2),
('EACIV_LEMURIA',		'POLICY_PHILOSOPHERS',			5,	2),
('EACIV_LEMURIA',		'POLICY_MASTER_ARCANISTS',		3,	3),
('EACIV_LEMURIA',		'POLICY_METAPHYSICISTS',		5,	3),

('EACIV_AXAGORIA',		'POLICY_ALCHEMISTS',			1,	1),
('EACIV_AXAGORIA',		'POLICY_SCHOLARS',				3,	1),
('EACIV_AXAGORIA',		'POLICY_MATHEMATICIANS',		1,	2),
('EACIV_AXAGORIA',		'POLICY_PHILOSOPHERS',			3,	2),
('EACIV_AXAGORIA',		'POLICY_ASTRONOMERS',			5,	2),
('EACIV_AXAGORIA',		'POLICY_METAPHYSICISTS',		3,	3),
('EACIV_AXAGORIA',		'POLICY_COSMOLOGISTS',			5,	3),

('EACIV_PALARE',		'POLICY_ENCHANTERS',			1,	1),
('EACIV_PALARE',		'POLICY_BARDS',					3,	1),
('EACIV_PALARE',		'POLICY_ILLUSIONISTS',			5,	1),
('EACIV_PALARE',		'POLICY_CRAFTSMEN',				1,	2),
('EACIV_PALARE',		'POLICY_PERFORMERS',			3,	2),
('EACIV_PALARE',		'POLICY_BAKKHEIANS',			5,	2),
('EACIV_PALARE',		'POLICY_WEAVERS',				1,	3),
('EACIV_PALARE',		'POLICY_MASTER_PERFORMERS',		3,	3),

('EACIV_LAGAD',			'POLICY_SCHOLARS',				1,	1),
('EACIV_LAGAD',			'POLICY_MATHEMATICIANS',		1,	2),
('EACIV_LAGAD',			'POLICY_PHILOSOPHERS',			3,	2),
('EACIV_LAGAD',			'POLICY_ENGINEERS',				5,	2),
('EACIV_LAGAD',			'POLICY_MASTER_MATHEMATICIANS',	1,	3),
('EACIV_LAGAD',			'POLICY_MACHINISTS',			3,	3),
('EACIV_LAGAD',			'POLICY_ARCHITECTS',			5,	3),

('EACIV_MAMONAS',		'POLICY_TRADERS',				1,	1),
('EACIV_MAMONAS',		'POLICY_MERCHANTS',				1,	2),
('EACIV_MAMONAS',		'POLICY_CARAVANERS',			3,	2),
('EACIV_MAMONAS',		'POLICY_CRAFTSMEN',				5,	2),
('EACIV_MAMONAS',		'POLICY_BANKERS',				1,	3),
('EACIV_MAMONAS',		'POLICY_GOLD_SILVERSMITHS',		3,	3),
('EACIV_MAMONAS',		'POLICY_JEWELERS',				5,	3),

('EACIV_SOPHRONIA',		'POLICY_CRAFTSMEN',				1,	1),
('EACIV_SOPHRONIA',		'POLICY_ENGINEERS',				3,	1),
('EACIV_SOPHRONIA',		'POLICY_MINERS',				5,	1),
('EACIV_SOPHRONIA',		'POLICY_STONEMASONS',			1,	2),
('EACIV_SOPHRONIA',		'POLICY_ARCHITECTS',			3,	2),
('EACIV_SOPHRONIA',		'POLICY_CIVIL_ENGINEERS',		5,	2),
('EACIV_SOPHRONIA',		'POLICY_MONUMENT_BUILDERS',		1,	3),

('EACIV_LUCHTAIN',		'POLICY_CRAFTSMEN',				1,	1),
('EACIV_LUCHTAIN',		'POLICY_ENGINEERS',				3,	1),
('EACIV_LUCHTAIN',		'POLICY_MINERS',				5,	1),
('EACIV_LUCHTAIN',		'POLICY_STONEMASONS',			1,	2),
('EACIV_LUCHTAIN',		'POLICY_ARCHITECTS',			3,	2),
('EACIV_LUCHTAIN',		'POLICY_CIVIL_ENGINEERS',		5,	2),
('EACIV_LUCHTAIN',		'POLICY_MONUMENT_BUILDERS',		1,	3),

('EACIV_VINCA',			'POLICY_MINERS',				1,	1),
('EACIV_VINCA',			'POLICY_SMELTERS',				3,	1),
('EACIV_VINCA',			'POLICY_WAR_TECTICIANS',		5,	1),
('EACIV_VINCA',			'POLICY_DEEP_MINERS',			1,	2),
('EACIV_VINCA',			'POLICY_WEAPON_SMITHS',			3,	2),
('EACIV_VINCA',			'POLICY_WAR_STRATEGISTS',		5,	2),
('EACIV_VINCA',			'POLICY_WEAPON_MASTERS',		3,	3),

('EACIV_GOBANN',		'POLICY_MINERS',				1,	1),
('EACIV_GOBANN',		'POLICY_SMELTERS',				3,	1),
('EACIV_GOBANN',		'POLICY_WAR_TECTICIANS',		5,	1),
('EACIV_GOBANN',		'POLICY_DEEP_MINERS',			1,	2),
('EACIV_GOBANN',		'POLICY_WEAPON_SMITHS',			3,	2),
('EACIV_GOBANN',		'POLICY_WAR_STRATEGISTS',		5,	2),
('EACIV_GOBANN',		'POLICY_WEAPON_MASTERS',		3,	3);

INSERT INTO EaCiv_EnabledPolicies (EaCivType, PolicyType, GridX, GridY) VALUES
('EACIV_REYNES',		'POLICY_FARMERS',				1,	1),
('EACIV_REYNES',		'POLICY_ARISTOCRATS',			3,	1),
('EACIV_REYNES',		'POLICY_PASTORALISTS',			5,	1),
('EACIV_REYNES',		'POLICY_MILLERS',				1,	2),
('EACIV_REYNES',		'POLICY_ROYALISTS',				3,	2),
('EACIV_REYNES',		'POLICY_ANIMAL_BREEDERS',		5,	2),
('EACIV_REYNES',		'POLICY_IMPERIALISTS',			3,	3),

('EACIV_BJARMALAND',	'POLICY_PASTORALISTS',			1,	1),
('EACIV_BJARMALAND',	'POLICY_FARMERS',				3,	1),
('EACIV_BJARMALAND',	'POLICY_TRADERS',				5,	1),
('EACIV_BJARMALAND',	'POLICY_ANIMAL_BREEDERS',		1,	2),
('EACIV_BJARMALAND',	'POLICY_MILLERS',				3,	2),
('EACIV_BJARMALAND',	'POLICY_CARAVANERS',			5,	2),
('EACIV_BJARMALAND',	'POLICY_ADVANCED_AGRICULTURALISTS',	3,	3),

('EACIV_KAZA',			'POLICY_PASTORALISTS',			1,	1),
('EACIV_KAZA',			'POLICY_FARMERS',				3,	1),
('EACIV_KAZA',			'POLICY_ENGINEERS',				5,	1),
('EACIV_KAZA',			'POLICY_ANIMAL_BREEDERS',		1,	2),
('EACIV_KAZA',			'POLICY_MILLERS',				3,	2),
('EACIV_KAZA',			'POLICY_CIVIL_ENGINEERS',		5,	2),
('EACIV_KAZA',			'POLICY_ADVANCED_AGRICULTURALISTS',	3,	3),

('EACIV_EOGANACHTA',	'POLICY_PASTORALISTS',			1,	1),
('EACIV_EOGANACHTA',	'POLICY_FARMERS',				3,	1),
('EACIV_EOGANACHTA',	'POLICY_ENGINEERS',				5,	1),
('EACIV_EOGANACHTA',	'POLICY_ANIMAL_BREEDERS',		1,	2),
('EACIV_EOGANACHTA',	'POLICY_MILLERS',				3,	2),
('EACIV_EOGANACHTA',	'POLICY_CIVIL_ENGINEERS',		5,	2),
('EACIV_EOGANACHTA',	'POLICY_ADVANCED_AGRICULTURALISTS',	3,	3),

('EACIV_SKOGR',			'POLICY_ARCHERS',				1,	1),
('EACIV_SKOGR',			'POLICY_HERBALISTS',			3,	1),
('EACIV_SKOGR',			'POLICY_BARDS',					5,	1),
('EACIV_SKOGR',			'POLICY_HUNTERS',				1,	2),
('EACIV_SKOGR',			'POLICY_WOODSMEN',				3,	2),
('EACIV_SKOGR',			'POLICY_ANIMAL_MASTERS',		1,	3),
('EACIV_SKOGR',			'POLICY_FOREST_LORDS',			3,	3),

('EACIV_BANBA',			'POLICY_ARCHERS',				1,	1),
('EACIV_BANBA',			'POLICY_HUNTERS',				3,	1),
('EACIV_BANBA',			'POLICY_WOODSMEN',				5,	1),
('EACIV_BANBA',			'POLICY_MARKSMEN',				1,	2),
('EACIV_BANBA',			'POLICY_ANIMAL_MASTERS',		3,	2),
('EACIV_BANBA',			'POLICY_BARDS',					5,	2),
('EACIV_BANBA',			'POLICY_BEASTMASTERS',			3,	3),

('EACIV_ERIU',			'POLICY_CRAFTSMEN',				1,	1),
('EACIV_ERIU',			'POLICY_HERBALISTS',			3,	1),
('EACIV_ERIU',			'POLICY_HUNTERS',				5,	1),
('EACIV_ERIU',			'POLICY_WEAVERS',				1,	2),
('EACIV_ERIU',			'POLICY_WOODSMEN',				3,	2),
('EACIV_ERIU',			'POLICY_ARCHERS',				5,	2),
('EACIV_ERIU',			'POLICY_FOREST_LORDS',			3,	3),

('EACIV_FODLA',			'POLICY_SMELTERS',				1,	1),
('EACIV_FODLA',			'POLICY_CRAFTSMEN',				3,	1),
('EACIV_FODLA',			'POLICY_MINERS',				5,	1),
('EACIV_FODLA',			'POLICY_GOLD_SILVERSMITHS',		1,	2),
('EACIV_FODLA',			'POLICY_STONEMASONS',			3,	2),
('EACIV_FODLA',			'POLICY_JEWELERS',				5,	2),
('EACIV_FODLA',			'POLICY_MONUMENT_BUILDERS',		3,	3),

('EACIV_NETZACH',		'POLICY_MISSIONARIES',			1,	1),
('EACIV_NETZACH',		'POLICY_SCHOLARS',				3,	1),
('EACIV_NETZACH',		'POLICY_MYSTICS',				5,	1),
('EACIV_NETZACH',		'POLICY_ZEALOTS',				1,	2),
('EACIV_NETZACH',		'POLICY_DIVINE_SCHOLARS',		3,	2),
('EACIV_NETZACH',		'POLICY_PHILOSOPHERS',			5,	2),
('EACIV_NETZACH',		'POLICY_THEOLOGISTS',			3,	3),

('EACIV_YESOD',			'POLICY_MISSIONARIES',			1,	1),
('EACIV_YESOD',			'POLICY_SCHOLARS',				3,	1),
('EACIV_YESOD',			'POLICY_ZEALOTS',				1,	2),
('EACIV_YESOD',			'POLICY_DIVINE_SCHOLARS',		3,	2),
('EACIV_YESOD',			'POLICY_PHILOSOPHERS',			5,	2),
('EACIV_YESOD',			'POLICY_THEOLOGISTS',			3,	3),
('EACIV_YESOD',			'POLICY_METAPHYSICISTS',		5,	3),

('EACIV_HOD',			'POLICY_MISSIONARIES',			1,	1),
('EACIV_HOD',			'POLICY_SCHOLARS',				3,	1),
('EACIV_HOD',			'POLICY_ZEALOTS',				1,	2),
('EACIV_HOD',			'POLICY_DIVINE_SCHOLARS',		3,	2),
('EACIV_HOD',			'POLICY_PHILOSOPHERS',			5,	2),
('EACIV_HOD',			'POLICY_CRUSADERS',				1,	3),
('EACIV_HOD',			'POLICY_THEOLOGISTS',			3,	3),

('EACIV_O',				'POLICY_CONJURORS',				1,	1),
('EACIV_O',				'POLICY_SCHOLARS',				3,	1),
('EACIV_O',				'POLICY_ILLUSIONISTS',			5,	1),
('EACIV_O',				'POLICY_ALCHEMISTS',			1,	2),
('EACIV_O',				'POLICY_ARCANE_SCHOLARS',		3,	2),
('EACIV_O',				'POLICY_PHILOSOPHERS',			5,	2),
('EACIV_O',				'POLICY_MASTER_ARCANISTS',		3,	3),

('EACIV_MU',			'POLICY_ENCHANTERS',			1,	1),
('EACIV_MU',			'POLICY_SCHOLARS',				3,	1),
('EACIV_MU',			'POLICY_DIVINATORS',			5,	1),
('EACIV_MU',			'POLICY_HERBALISTS',			1,	2),
('EACIV_MU',			'POLICY_ARCANE_SCHOLARS',		3,	2),
('EACIV_MU',			'POLICY_PHILOSOPHERS',			5,	2),
('EACIV_MU',			'POLICY_MASTER_ARCANISTS',		3,	3),

('EACIV_GRAEAE',		'POLICY_CONJURORS',				1,	1),
('EACIV_GRAEAE',		'POLICY_ENCHANTERS',			3,	1),
('EACIV_GRAEAE',		'POLICY_DIVINATORS',			5,	1),
('EACIV_GRAEAE',		'POLICY_ALCHEMISTS',			1,	2),
('EACIV_GRAEAE',		'POLICY_HERBALISTS',			3,	2),
('EACIV_GRAEAE',		'POLICY_MYSTICS',				5,	2),
('EACIV_GRAEAE',		'POLICY_POTION_MAKERS',			3,	3),

('EACIV_NEZELIBA',		'POLICY_SMELTERS',				1,	1),
('EACIV_NEZELIBA',		'POLICY_ARISTOCRATS',			3,	1),
('EACIV_NEZELIBA',		'POLICY_MINERS',				5,	1),
('EACIV_NEZELIBA',		'POLICY_ENGINEERS',				1,	2),
('EACIV_NEZELIBA',		'POLICY_SLAVERS',				3,	2),
('EACIV_NEZELIBA',		'POLICY_CIVIL_ENGINEERS',		1,	3),
('EACIV_NEZELIBA',		'POLICY_SLAVE_LORDS',			3,	3),

('EACIV_GAZIYA',		'POLICY_HUNTERS',				1,	1),
('EACIV_GAZIYA',		'POLICY_NOMADS',				3,	1),
('EACIV_GAZIYA',		'POLICY_PASTORALISTS',			5,	1),
('EACIV_GAZIYA',		'POLICY_ANIMAL_MASTERS',		1,	2),
('EACIV_GAZIYA',		'POLICY_SLAVERS',				3,	2),
('EACIV_GAZIYA',		'POLICY_ANIMAL_BREEDERS',		5,	2),
('EACIV_GAZIYA',		'POLICY_SLAVE_LORDS',			3,	3),

('EACIV_NEMEDIA',		'POLICY_WAR_TECTICIANS',		1,	1),
('EACIV_NEMEDIA',		'POLICY_ARISTOCRATS',			3,	1),
('EACIV_NEMEDIA',		'POLICY_SMELTERS',				5,	1),
('EACIV_NEMEDIA',		'POLICY_WAR_STRATEGISTS',		1,	2),
('EACIV_NEMEDIA',		'POLICY_ROYALISTS',				3,	2),
('EACIV_NEMEDIA',		'POLICY_WEAPON_SMITHS',			5,	2),
('EACIV_NEMEDIA',		'POLICY_IMPERIALISTS',			3,	3),

('EACIV_MILESIA',		'POLICY_SMELTERS',				1,	1),
('EACIV_MILESIA',		'POLICY_ARCHERS',				3,	1),
('EACIV_MILESIA',		'POLICY_ENGINEERS',				5,	1),
('EACIV_MILESIA',		'POLICY_WEAPON_SMITHS',			1,	2),
('EACIV_MILESIA',		'POLICY_WAR_TECTICIANS',		3,	2),
('EACIV_MILESIA',		'POLICY_MACHINISTS',			5,	2),
('EACIV_MILESIA',		'POLICY_WAR_STRATEGISTS',		3,	3),

('EACIV_ULFHETHNAR',	'POLICY_NOMADS',				1,	1),
('EACIV_ULFHETHNAR',	'POLICY_SMELTERS',				3,	1),
('EACIV_ULFHETHNAR',	'POLICY_HUNTERS',				5,	1),
('EACIV_ULFHETHNAR',	'POLICY_WAR_TECTICIANS',		1,	2),
('EACIV_ULFHETHNAR',	'POLICY_WEAPON_SMITHS',			3,	2),
('EACIV_ULFHETHNAR',	'POLICY_WAR_STRATEGISTS',		1,	3),
('EACIV_ULFHETHNAR',	'POLICY_WEAPON_MASTERS',		3,	3),

('EACIV_MORRIGNA',		'POLICY_WAR_TECTICIANS',		1,	1),
('EACIV_MORRIGNA',		'POLICY_ARISTOCRATS',			3,	1),
('EACIV_MORRIGNA',		'POLICY_SMELTERS',				5,	1),
('EACIV_MORRIGNA',		'POLICY_WAR_STRATEGISTS',		1,	2),
('EACIV_MORRIGNA',		'POLICY_ROYALISTS',				3,	2),
('EACIV_MORRIGNA',		'POLICY_WEAPON_SMITHS',			5,	2),
('EACIV_MORRIGNA',		'POLICY_IMPERIALISTS',			3,	3),

('EACIV_MACHAE',		'POLICY_SMELTERS',				1,	1),
('EACIV_MACHAE',		'POLICY_ARCHERS',				3,	1),
('EACIV_MACHAE',		'POLICY_ENGINEERS',				5,	1),
('EACIV_MACHAE',		'POLICY_WEAPON_SMITHS',			1,	2),
('EACIV_MACHAE',		'POLICY_WAR_TECTICIANS',		3,	2),
('EACIV_MACHAE',		'POLICY_MACHINISTS',			5,	2),
('EACIV_MACHAE',		'POLICY_WAR_STRATEGISTS',		3,	3),

('EACIV_BODWA',			'POLICY_NOMADS',				1,	1),
('EACIV_BODWA',			'POLICY_SMELTERS',				3,	1),
('EACIV_BODWA',			'POLICY_HUNTERS',				5,	1),
('EACIV_BODWA',			'POLICY_WAR_TECTICIANS',		1,	2),
('EACIV_BODWA',			'POLICY_WEAPON_SMITHS',			3,	2),
('EACIV_BODWA',			'POLICY_WAR_STRATEGISTS',		1,	3),
('EACIV_BODWA',			'POLICY_WEAPON_MASTERS',		3,	3),

('EACIV_THEANON',		'POLICY_ALCHEMISTS',			1,	1),
('EACIV_THEANON',		'POLICY_SCHOLARS',				3,	1),
('EACIV_THEANON',		'POLICY_MATHEMATICIANS',		1,	2),
('EACIV_THEANON',		'POLICY_PHILOSOPHERS',			3,	2),
('EACIV_THEANON',		'POLICY_ASTRONOMERS',			5,	2),
('EACIV_THEANON',		'POLICY_METAPHYSICISTS',		3,	3),
('EACIV_THEANON',		'POLICY_COSMOLOGISTS',			5,	3),

('EACIV_SAGUENAY',		'POLICY_TRADERS',				3,	1),
('EACIV_SAGUENAY',		'POLICY_CARAVANERS',			1,	2),
('EACIV_SAGUENAY',		'POLICY_CRAFTSMEN',				3,	2),
('EACIV_SAGUENAY',		'POLICY_SEA_TRADERS',			5,	2),
('EACIV_SAGUENAY',		'POLICY_WEAVERS',				1,	3),
('EACIV_SAGUENAY',		'POLICY_JEWELERS',				3,	3),
('EACIV_SAGUENAY',		'POLICY_GOLD_SILVERSMITHS',		5,	3),

('EACIV_ALBION',		'POLICY_CRAFTSMEN',				1,	1),
('EACIV_ALBION',		'POLICY_BARDS',					3,	1),
('EACIV_ALBION',		'POLICY_SCHOLARS',				5,	1),
('EACIV_ALBION',		'POLICY_BREWERS',				1,	2),
('EACIV_ALBION',		'POLICY_PERFORMERS',			3,	2),
('EACIV_ALBION',		'POLICY_BAKKHEIANS',			5,	2),
('EACIV_ALBION',		'POLICY_MASTER_PERFORMERS',		3,	3),

('EACIV_TIR_ECNE',		'POLICY_ALCHEMISTS',			1,	1),
('EACIV_TIR_ECNE',		'POLICY_SCHOLARS',				3,	1),
('EACIV_TIR_ECNE',		'POLICY_MATHEMATICIANS',		1,	2),
('EACIV_TIR_ECNE',		'POLICY_PHILOSOPHERS',			3,	2),
('EACIV_TIR_ECNE',		'POLICY_ASTRONOMERS',			5,	2),
('EACIV_TIR_ECNE',		'POLICY_METAPHYSICISTS',		3,	3),
('EACIV_TIR_ECNE',		'POLICY_COSMOLOGISTS',			5,	3),

('EACIV_NOUDONT',		'POLICY_TRADERS',				3,	1),
('EACIV_NOUDONT',		'POLICY_CARAVANERS',			1,	2),
('EACIV_NOUDONT',		'POLICY_CRAFTSMEN',				3,	2),
('EACIV_NOUDONT',		'POLICY_SEA_TRADERS',			5,	2),
('EACIV_NOUDONT',		'POLICY_WEAVERS',				1,	3),
('EACIV_NOUDONT',		'POLICY_JEWELERS',				3,	3),
('EACIV_NOUDONT',		'POLICY_GOLD_SILVERSMITHS',		5,	3),

('EACIV_AES_DANA',		'POLICY_CRAFTSMEN',				1,	1),
('EACIV_AES_DANA',		'POLICY_BARDS',					3,	1),
('EACIV_AES_DANA',		'POLICY_SCHOLARS',				5,	1),
('EACIV_AES_DANA',		'POLICY_BREWERS',				1,	2),
('EACIV_AES_DANA',		'POLICY_PERFORMERS',			3,	2),
('EACIV_AES_DANA',		'POLICY_BAKKHEIANS',			5,	2),
('EACIV_AES_DANA',		'POLICY_MASTER_PERFORMERS',		3,	3),

('EACIV_SUDDENE',		'POLICY_CRAFTSMEN',				1,	1),
('EACIV_SUDDENE',		'POLICY_TRADERS',				3,	1),
('EACIV_SUDDENE',		'POLICY_SEAFARERS',				5,	1),
('EACIV_SUDDENE',		'POLICY_CARAVANERS',			1,	2),
('EACIV_SUDDENE',		'POLICY_MERCHANTS',				3,	2),
('EACIV_SUDDENE',		'POLICY_SEA_TRADERS',			5,	2),
('EACIV_SUDDENE',		'POLICY_BANKERS',				3,	3),

('EACIV_PARTHOLON',		'POLICY_ENVOYS',				1,	1),
('EACIV_PARTHOLON',		'POLICY_TRADERS',				3,	1),
('EACIV_PARTHOLON',		'POLICY_DIPLOMATS',				1,	2),
('EACIV_PARTHOLON',		'POLICY_MERCHANTS',				3,	2),
('EACIV_PARTHOLON',		'POLICY_SEA_TRADERS',			5,	2),
('EACIV_PARTHOLON',		'POLICY_AMBASSADORS',			1,	3),
('EACIV_PARTHOLON',		'POLICY_BANKERS',				3,	3),

('EACIV_DAL_FIATACH',	'POLICY_CRAFTSMEN',				1,	1),
('EACIV_DAL_FIATACH',	'POLICY_TRADERS',				3,	1),
('EACIV_DAL_FIATACH',	'POLICY_SEAFARERS',				5,	1),
('EACIV_DAL_FIATACH',	'POLICY_CARAVANERS',			1,	2),
('EACIV_DAL_FIATACH',	'POLICY_MERCHANTS',				3,	2),
('EACIV_DAL_FIATACH',	'POLICY_SEA_TRADERS',			5,	2),
('EACIV_DAL_FIATACH',	'POLICY_BANKERS',				3,	3),

('EACIV_DAIRINE',		'POLICY_ENVOYS',				1,	1),
('EACIV_DAIRINE',		'POLICY_TRADERS',				3,	1),
('EACIV_DAIRINE',		'POLICY_DIPLOMATS',				1,	2),
('EACIV_DAIRINE',		'POLICY_MERCHANTS',				3,	2),
('EACIV_DAIRINE',		'POLICY_SEA_TRADERS',			5,	2),
('EACIV_DAIRINE',		'POLICY_AMBASSADORS',			1,	3),
('EACIV_DAIRINE',		'POLICY_BANKERS',				3,	3),

('EACIV_MOR',			'POLICY_ENVOYS',				1,	1),
('EACIV_MOR',			'POLICY_TRADERS',				3,	1),
('EACIV_MOR',			'POLICY_DIPLOMATS',				1,	2),
('EACIV_MOR',			'POLICY_MERCHANTS',				3,	2),
('EACIV_MOR',			'POLICY_CARAVANERS',			5,	2),
('EACIV_MOR',			'POLICY_MASTER_MERCENARIES',	3,	3),
('EACIV_MOR',			'POLICY_BANKERS',				5,	3),

('EACIV_DOKKALFAR',		'POLICY_FARMERS',				1,	1),
('EACIV_DOKKALFAR',		'POLICY_ARISTOCRATS',			3,	1),
('EACIV_DOKKALFAR',		'POLICY_PASTORALISTS',			5,	1),
('EACIV_DOKKALFAR',		'POLICY_SLAVERS',				1,	2),
('EACIV_DOKKALFAR',		'POLICY_ROYALISTS',				3,	2),
('EACIV_DOKKALFAR',		'POLICY_SLAVE_LORDS',			1,	3),
('EACIV_DOKKALFAR',		'POLICY_IMPERIALISTS',			3,	3),

('EACIV_LJOSALFAR',		'POLICY_HUNTERS',				1,	1),
('EACIV_LJOSALFAR',		'POLICY_HERBALISTS',			3,	1),
('EACIV_LJOSALFAR',		'POLICY_SCHOLARS',				5,	1),
('EACIV_LJOSALFAR',		'POLICY_BARDS',					1,	2),
('EACIV_LJOSALFAR',		'POLICY_WOODSMEN',				3,	2),
('EACIV_LJOSALFAR',		'POLICY_CRAFTSMEN',				5,	2),
('EACIV_LJOSALFAR',		'POLICY_PERFORMERS',			1,	3),
('EACIV_LJOSALFAR',		'POLICY_FOREST_LORDS',			3,	3),
('EACIV_LJOSALFAR',		'POLICY_WEAVERS',				5,	3),

('EACIV_SEGOYIM',		'POLICY_HUNTERS',				1,	1),
('EACIV_SEGOYIM',		'POLICY_SCHOLARS',				3,	1),
('EACIV_SEGOYIM',		'POLICY_BARDS',					5,	1),
('EACIV_SEGOYIM',		'POLICY_WOODSMEN',				1,	2),
('EACIV_SEGOYIM',		'POLICY_ARCANE_SCHOLARS',		3,	2),
('EACIV_SEGOYIM',		'POLICY_FOREST_LORDS',			1,	3),
('EACIV_SEGOYIM',		'POLICY_MASTER_ARCANISTS',		3,	3),

('EACIV_HY_BREASIL',	'POLICY_TRADERS',				1,	1),
('EACIV_HY_BREASIL',	'POLICY_SEAFARERS',				3,	1),
('EACIV_HY_BREASIL',	'POLICY_WHALERS',				5,	1),
('EACIV_HY_BREASIL',	'POLICY_SEA_TRADERS',			1,	2),
('EACIV_HY_BREASIL',	'POLICY_SHIP_BUILDERS',			3,	2),
('EACIV_HY_BREASIL',	'POLICY_ASTRONOMERS_2',			5,	2),
('EACIV_HY_BREASIL',	'POLICY_NAVAL_ENGINEERS',		3,	3),

('EACIV_MAYD',			'POLICY_TRADERS',				1,	1),
('EACIV_MAYD',			'POLICY_SEAFARERS',				3,	1),
('EACIV_MAYD',			'POLICY_WHALERS',				5,	1),
('EACIV_MAYD',			'POLICY_SEA_TRADERS',			1,	2),
('EACIV_MAYD',			'POLICY_SHIP_BUILDERS',			3,	2),
('EACIV_MAYD',			'POLICY_ASTRONOMERS_2',			5,	2),
('EACIV_MAYD',			'POLICY_NAVAL_ENGINEERS',		3,	3),

('EACIV_GERZAH',		'POLICY_MINERS',				1,	1),
('EACIV_GERZAH',		'POLICY_SMELTERS',				3,	1),
('EACIV_GERZAH',		'POLICY_ENGINEERS',				5,	1),
('EACIV_GERZAH',		'POLICY_DEEP_MINERS',			1,	2),
('EACIV_GERZAH',		'POLICY_WEAPON_SMITHS',			3,	2),
('EACIV_GERZAH',		'POLICY_MACHINISTS',			5,	2),
('EACIV_GERZAH',		'POLICY_WEAPON_MASTERS',		3,	3),

('EACIV_AGARTHA',		'POLICY_MINERS',				1,	1),
('EACIV_AGARTHA',		'POLICY_SMELTERS',				3,	1),
('EACIV_AGARTHA',		'POLICY_ENGINEERS',				5,	1),
('EACIV_AGARTHA',		'POLICY_DEEP_MINERS',			1,	2),
('EACIV_AGARTHA',		'POLICY_CRAFTSMEN',				3,	2),
('EACIV_AGARTHA',		'POLICY_STONEMASONS',			1,	3),
('EACIV_AGARTHA',		'POLICY_GOLD_SILVERSMITHS',		3,	3),

('EACIV_EBOR',			'POLICY_PASTORALISTS',			1,	1),
('EACIV_EBOR',			'POLICY_HUNTERS',				3,	1),
('EACIV_EBOR',			'POLICY_NOMADS',				5,	1),
('EACIV_EBOR',			'POLICY_WOODSMEN',				1,	2),
('EACIV_EBOR',			'POLICY_ANIMAL_MASTERS',		3,	2),
('EACIV_EBOR',			'POLICY_ELEPHANT_TAMERS',		5,	2),
('EACIV_EBOR',			'POLICY_BEASTMASTERS',			3,	3),

('EACIV_CEASSAIR',		'POLICY_TRADERS',				1,	1),
('EACIV_CEASSAIR',		'POLICY_CRAFTSMEN',				3,	1),
('EACIV_CEASSAIR',		'POLICY_ENVOYS',				5,	1),
('EACIV_CEASSAIR',		'POLICY_CARAVANERS',			1,	2),
('EACIV_CEASSAIR',		'POLICY_STONEMASONS',			3,	2),
('EACIV_CEASSAIR',		'POLICY_DIPLOMATS',				5,	2),
('EACIV_CEASSAIR',		'POLICY_MONUMENT_BUILDERS',		3,	3),

('EACIV_YS',			'POLICY_ALCHEMISTS',			1,	1),
('EACIV_YS',			'POLICY_SCHOLARS',				3,	1),
('EACIV_YS',			'POLICY_MATHEMATICIANS',		1,	2),
('EACIV_YS',			'POLICY_PHILOSOPHERS',			3,	2),
('EACIV_YS',			'POLICY_ASTRONOMERS',			5,	2),
('EACIV_YS',			'POLICY_METAPHYSICISTS',		3,	3),
('EACIV_YS',			'POLICY_COSMOLOGISTS',			5,	3),

('EACIV_TYRE',			'POLICY_CRAFTSMEN',				3,	1),
('EACIV_TYRE',			'POLICY_GOLD_SILVERSMITHS',		1,	2),
('EACIV_TYRE',			'POLICY_TRADERS',				3,	2),
('EACIV_TYRE',			'POLICY_JEWELERS',				5,	2),
('EACIV_TYRE',			'POLICY_CARAVANERS',			1,	3),
('EACIV_TYRE',			'POLICY_MERCHANTS',				3,	3),
('EACIV_TYRE',			'POLICY_SEA_TRADERS',			5,	3),

('EACIV_SISUKAS',		'POLICY_MINERS',				1,	1),
('EACIV_SISUKAS',		'POLICY_SMELTERS',				3,	1),
('EACIV_SISUKAS',		'POLICY_ENGINEERS',				5,	1),
('EACIV_SISUKAS',		'POLICY_WAR_TECTICIANS',		1,	2),
('EACIV_SISUKAS',		'POLICY_WEAPON_SMITHS',			3,	2),
('EACIV_SISUKAS',		'POLICY_WAR_STRATEGISTS',		1,	3),
('EACIV_SISUKAS',		'POLICY_WEAPON_MASTERS',		3,	3),

('EACIV_ITH',			'POLICY_NOMADS',				1,	1),
('EACIV_ITH',			'POLICY_HUNTERS',				3,	1),
('EACIV_ITH',			'POLICY_WOODSMEN',				5,	1),
('EACIV_ITH',			'POLICY_TRADERS',				1,	2),
('EACIV_ITH',			'POLICY_ANIMAL_MASTERS',		3,	2),
('EACIV_ITH',			'POLICY_ARCHERS',				5,	2),
('EACIV_ITH',			'POLICY_BEASTMASTERS',			3,	3),

('EACIV_PHRYGES',		'POLICY_NOMADS',				1,	1),
('EACIV_PHRYGES',		'POLICY_PASTORALISTS',			3,	1),
('EACIV_PHRYGES',		'POLICY_TRADERS',				5,	1),
('EACIV_PHRYGES',		'POLICY_ANIMAL_BREEDERS',		1,	2),
('EACIV_PHRYGES',		'POLICY_HORSE_TRIBES',			3,	2),
('EACIV_PHRYGES',		'POLICY_CARAVANERS',			5,	2),
('EACIV_PHRYGES',		'POLICY_HORSELORDS',			3,	3);




INSERT INTO EaDebugTableCheck(FileName) SELECT 'EaCivilizations.sql';