--Contains MinorCivTraits and MinorCivs
--Ea Gods are actually city states hidden away at the south pole (w/ MINOR_TRAIT_RELIGIOUS)

-----------------------------------------------------------------------------------------
-- MinorCivTraits
-----------------------------------------------------------------------------------------
--Base trait Religious used for Ea Gods (so dll will handle faith adds); all other base traits remain but are not used

ALTER TABLE MinorCivTraits ADD COLUMN 'EaHelp' TEXT DEFAULT NULL;

INSERT INTO MinorCivTraits (Type, Description,					EaHelp,										TraitIcon,						TraitTitleIcon,				BackgroundImage) VALUES
('MINOR_TRAIT_MERCENARY',	'TXT_KEY_EA_MINOR_TRAIT_MERCENARY',	'TXT_KEY_EA_MINOR_TRAIT_MERCENARY_HELP',	'CityStateMilitaristic.dds',	'CityStatePopupTop100.dds',	'citystatebackgroundmilitary.dds'	),
('MINOR_TRAIT_SLAVERS',		'TXT_KEY_EA_MINOR_TRAIT_SLAVERS',	'TXT_KEY_EA_MINOR_TRAIT_SLAVERS_HELP',		'CityStateMilitaristic.dds',	'CityStatePopupTop100.dds',	'citystatebackgroundmilitary.dds'	),
('MINOR_TRAIT_ARCANE',		'TXT_KEY_EA_MINOR_TRAIT_ARCANE',	'TXT_KEY_EA_MINOR_TRAIT_ARCANE_HELP',		'CityStateReligious.dds',		'CityStatePopupTop400.dds',	'citystatebackgroundreligious.dds'	),
('MINOR_TRAIT_HOLY',		'TXT_KEY_EA_MINOR_TRAIT_HOLY',		'TXT_KEY_EA_MINOR_TRAIT_HOLY_HELP',			'CityStateReligious.dds',		'CityStatePopupTop400.dds',	'citystatebackgroundreligious.dds'	);


-----------------------------------------------------------------------------------------
-- MinorCivilizations
-----------------------------------------------------------------------------------------

DELETE FROM MinorCivilizations;
ALTER TABLE MinorCivilizations ADD COLUMN 'WorkerUnitType' TEXT DEFAULT NULL;
ALTER TABLE MinorCivilizations ADD COLUMN 'EaRace' TEXT DEFAULT NULL;
ALTER TABLE MinorCivilizations ADD COLUMN 'EaCult' TEXT DEFAULT NULL;
ALTER TABLE MinorCivilizations ADD COLUMN 'EaMercHire' INTEGER DEFAULT 0;

INSERT INTO MinorCivilizations (Type,	DefaultPlayerColor,					ArtStyleType,				MinorCivTrait,			EaRace,			WorkerUnitType			) VALUES
('MINOR_CIV_CITYSTATE_DINAS_AFFARAON',	'PLAYERCOLOR_MINOR_GREEN',			'ARTSTYLE_GRECO_ROMAN',		'MINOR_TRAIT_ARCANE',	'EARACE_SIDHE',	'UNIT_WORKERS_SIDHE'	),
('MINOR_CIV_CITYSTATE_NYSA',			'PLAYERCOLOR_MINOR_CYAN',			'ARTSTYLE_GRECO_ROMAN',		'MINOR_TRAIT_ARCANE',	'EARACE_SIDHE',	'UNIT_WORKERS_SIDHE'	),
('MINOR_CIV_CITYSTATE_EEA',				'PLAYERCOLOR_MINOR_MIDDLE_CYAN',	'ARTSTYLE_GRECO_ROMAN',		'MINOR_TRAIT_ARCANE',	'EARACE_SIDHE',	'UNIT_WORKERS_SIDHE'	),
('MINOR_CIV_CITYSTATE_AORNUM',			'PLAYERCOLOR_MINOR_GRAY',			'ARTSTYLE_EUROPEAN',		'MINOR_TRAIT_HOLY',		'EARACE_MAN',	'UNIT_WORKERS_MAN'		),
('MINOR_CIV_CITYSTATE_BARALKU',			'PLAYERCOLOR_MINOR_LIGHT_ORANGE',	'ARTSTYLE_SOUTH_AMERICA',	'MINOR_TRAIT_HOLY',		'EARACE_MAN',	'UNIT_WORKERS_MAN'		),
('MINOR_CIV_CITYSTATE_QUIVIRA',			'PLAYERCOLOR_MINOR_LIGHT_YELLOW',	'ARTSTYLE_SOUTH_AMERICA',	'MINOR_TRAIT_ARCANE',	'EARACE_MAN',	'UNIT_WORKERS_MAN'		),
('MINOR_CIV_CITYSTATE_CIBOLA',			'PLAYERCOLOR_MINOR_PEACH',			'ARTSTYLE_SOUTH_AMERICA',	'MINOR_TRAIT_ARCANE',	'EARACE_MAN',	'UNIT_WORKERS_MAN'		),
('MINOR_CIV_CITYSTATE_BEIMENI',			'PLAYERCOLOR_MINOR_LIGHT_GREEN',	'ARTSTYLE_SOUTH_AMERICA',	'MINOR_TRAIT_ARCANE',	'EARACE_SIDHE',	'UNIT_WORKERS_SIDHE'	),
('MINOR_CIV_CITYSTATE_NIBIRU',			'PLAYERCOLOR_MINOR_LIGHT_BLUE',		'ARTSTYLE_GRECO_ROMAN',		'MINOR_TRAIT_ARCANE',	'EARACE_SIDHE',	'UNIT_WORKERS_SIDHE'	),
('MINOR_CIV_CITYSTATE_THEMISCYRA',		'PLAYERCOLOR_MINOR_WHITE',			'ARTSTYLE_GRECO_ROMAN',		'MINOR_TRAIT_MERCENARY','EARACE_MAN',	'UNIT_WORKERS_MAN'		),
('MINOR_CIV_CITYSTATE_THULE',			'PLAYERCOLOR_MINOR_PURPLE',			'ARTSTYLE_EUROPEAN',		'MINOR_TRAIT_MERCENARY','EARACE_MAN',	'UNIT_WORKERS_MAN'		),
('MINOR_CIV_CITYSTATE_ARGYRE',			'PLAYERCOLOR_MINOR_LIGHT_PURPLE',	'ARTSTYLE_GRECO_ROMAN',		'MINOR_TRAIT_ARCANE',	'EARACE_SIDHE',	'UNIT_WORKERS_SIDHE'	),
('MINOR_CIV_CITYSTATE_ZERZURA',			'PLAYERCOLOR_MINOR_WHITE',			'ARTSTYLE_MIDDLE_EAST',		'MINOR_TRAIT_ARCANE',	'EARACE_SIDHE',	'UNIT_WORKERS_SIDHE'	),
('MINOR_CIV_CITYSTATE_AXUMA',			'PLAYERCOLOR_MINOR_LIGHT_PURPLE',	'ARTSTYLE_GRECO_ROMAN',		'MINOR_TRAIT_MERCENARY','EARACE_MAN',	'UNIT_WORKERS_MAN'		),
('MINOR_CIV_CITYSTATE_DARANTASIA',		'PLAYERCOLOR_MINOR_MIDDLE_BLUE',	'ARTSTYLE_EUROPEAN',		'MINOR_TRAIT_SLAVERS',	'EARACE_MAN',	'UNIT_SLAVES_MAN'		),
('MINOR_CIV_CITYSTATE_BERGINTRUM',		'PLAYERCOLOR_MINOR_MIDDLE_PURPLE',	'ARTSTYLE_EUROPEAN',		'MINOR_TRAIT_SLAVERS',	'EARACE_MAN',	'UNIT_SLAVES_MAN'		),
('MINOR_CIV_CITYSTATE_CLUSORA',			'PLAYERCOLOR_MINOR_YELLOW',			'ARTSTYLE_EUROPEAN',		'MINOR_TRAIT_SLAVERS',	'EARACE_MAN',	'UNIT_SLAVES_MAN'		),
('MINOR_CIV_CITYSTATE_MANTALA',			'PLAYERCOLOR_MINOR_GRAY',			'ARTSTYLE_EUROPEAN',		'MINOR_TRAIT_MERCENARY','EARACE_MAN',	'UNIT_WORKERS_MAN'		),
('MINOR_CIV_CITYSTATE_OBLIMUM',			'PLAYERCOLOR_MINOR_MIDDLE_BLUE',	'ARTSTYLE_EUROPEAN',		'MINOR_TRAIT_SLAVERS',	'EARACE_MAN',	'UNIT_SLAVES_MAN'		),
('MINOR_CIV_CITYSTATE_ALESIA',			'PLAYERCOLOR_MINOR_LIGHT_ORANGE',	'ARTSTYLE_EUROPEAN',		'MINOR_TRAIT_MERCENARY','EARACE_MAN',	'UNIT_WORKERS_MAN'		),
('MINOR_CIV_CITYSTATE_BIBRACTE',		'PLAYERCOLOR_MINOR_PEACH',			'ARTSTYLE_EUROPEAN',		'MINOR_TRAIT_MERCENARY','EARACE_MAN',	'UNIT_WORKERS_MAN'		);

UPDATE MinorCivilizations SET Description = REPLACE(Type, 'MINOR_CIV_', 'TXT_KEY_EA_');
UPDATE MinorCivilizations SET EaMercHire = -100 WHERE MinorCivTrait = 'MINOR_TRAIT_MERCENARY';							--supplier only
UPDATE MinorCivilizations SET EaMercHire = 100 WHERE MinorCivTrait IN ('MINOR_TRAIT_SLAVERS', 'MINOR_TRAIT_HOLY');		--strong demand
UPDATE MinorCivilizations SET EaMercHire = 50 WHERE MinorCivTrait = 'MINOR_TRAIT_ARCANE' AND EaRace = 'EARACE_MAN';		--weak demand


--Gods
INSERT INTO MinorCivilizations (Type, Description,				MinorCivTrait,				EaCult) VALUES
('MINOR_CIV_GOD_FAGUS',			'TXT_KEY_EA_GOD_FAGUS',			'MINOR_TRAIT_RELIGIOUS',	'RELIGION_CULT_OF_LEAVES'		),
('MINOR_CIV_GOD_ABELLIO',		'TXT_KEY_EA_GOD_ABELLIO',		'MINOR_TRAIT_RELIGIOUS',	'RELIGION_CULT_OF_LEAVES'		),
('MINOR_CIV_GOD_BUXENUS',		'TXT_KEY_EA_GOD_BUXENUS',		'MINOR_TRAIT_RELIGIOUS',	'RELIGION_CULT_OF_LEAVES'		),
('MINOR_CIV_GOD_ROBOR',			'TXT_KEY_EA_GOD_ROBOR',			'MINOR_TRAIT_RELIGIOUS',	'RELIGION_CULT_OF_LEAVES'		),
('MINOR_CIV_GOD_ABNOAB',		'TXT_KEY_EA_GOD_ABNOAB',		'MINOR_TRAIT_RELIGIOUS',	'RELIGION_CULT_OF_LEAVES'		),
('MINOR_CIV_GOD_EPONA',			'TXT_KEY_EA_GOD_EPONA',			'MINOR_TRAIT_RELIGIOUS',	'RELIGION_CULT_OF_EPONA'		),
('MINOR_CIV_GOD_ATEPOMARUS',	'TXT_KEY_EA_GOD_ATEPOMARUS',	'MINOR_TRAIT_RELIGIOUS',	'RELIGION_CULT_OF_EPONA'		),
('MINOR_CIV_GOD_SABAZIOS',		'TXT_KEY_EA_GOD_SABAZIOS',		'MINOR_TRAIT_RELIGIOUS',	'RELIGION_CULT_OF_EPONA'		),
('MINOR_CIV_GOD_AVETA',			'TXT_KEY_EA_GOD_AVETA',			'MINOR_TRAIT_RELIGIOUS',	'RELIGION_CULT_OF_PURE_WATERS'	),
('MINOR_CIV_GOD_CONDATIS',		'TXT_KEY_EA_GOD_CONDATIS',		'MINOR_TRAIT_RELIGIOUS',	'RELIGION_CULT_OF_PURE_WATERS'	),
('MINOR_CIV_GOD_ABANDINUS',		'TXT_KEY_EA_GOD_ABANDINUS',		'MINOR_TRAIT_RELIGIOUS',	'RELIGION_CULT_OF_PURE_WATERS'	),
('MINOR_CIV_GOD_ADSULLATA',		'TXT_KEY_EA_GOD_ADSULLATA',		'MINOR_TRAIT_RELIGIOUS',	'RELIGION_CULT_OF_PURE_WATERS'	),
('MINOR_CIV_GOD_ICAUNUS',		'TXT_KEY_EA_GOD_ICAUNUS',		'MINOR_TRAIT_RELIGIOUS',	'RELIGION_CULT_OF_PURE_WATERS'	),
('MINOR_CIV_GOD_BELISAMA',		'TXT_KEY_EA_GOD_BELISAMA',		'MINOR_TRAIT_RELIGIOUS',	'RELIGION_CULT_OF_PURE_WATERS'	),
('MINOR_CIV_GOD_CLOTA',			'TXT_KEY_EA_GOD_CLOTA',			'MINOR_TRAIT_RELIGIOUS',	'RELIGION_CULT_OF_PURE_WATERS'	),
('MINOR_CIV_GOD_SABRINA',		'TXT_KEY_EA_GOD_SABRINA',		'MINOR_TRAIT_RELIGIOUS',	'RELIGION_CULT_OF_PURE_WATERS'	),
('MINOR_CIV_GOD_SEQUANA',		'TXT_KEY_EA_GOD_SEQUANA',		'MINOR_TRAIT_RELIGIOUS',	'RELIGION_CULT_OF_PURE_WATERS'	),
('MINOR_CIV_GOD_VERBEIA',		'TXT_KEY_EA_GOD_VERBEIA',		'MINOR_TRAIT_RELIGIOUS',	'RELIGION_CULT_OF_PURE_WATERS'	),
('MINOR_CIV_GOD_BORVO',			'TXT_KEY_EA_GOD_BORVO',			'MINOR_TRAIT_RELIGIOUS',	'RELIGION_CULT_OF_PURE_WATERS'	),
('MINOR_CIV_GOD_AEGIR',			'TXT_KEY_EA_GOD_AEGIR',			'MINOR_TRAIT_RELIGIOUS',	'RELIGION_CULT_OF_AEGIR'		),
('MINOR_CIV_GOD_BARINTHUS',		'TXT_KEY_EA_GOD_BARINTHUS',		'MINOR_TRAIT_RELIGIOUS',	'RELIGION_CULT_OF_AEGIR'		),
('MINOR_CIV_GOD_LIBAN',			'TXT_KEY_EA_GOD_LIBAN',			'MINOR_TRAIT_RELIGIOUS',	'RELIGION_CULT_OF_AEGIR'		),
('MINOR_CIV_GOD_FIMAFENG',		'TXT_KEY_EA_GOD_FIMAFENG',		'MINOR_TRAIT_RELIGIOUS',	'RELIGION_CULT_OF_AEGIR'		),
('MINOR_CIV_GOD_ELDIR',			'TXT_KEY_EA_GOD_ELDIR',			'MINOR_TRAIT_RELIGIOUS',	'RELIGION_CULT_OF_AEGIR'		),
('MINOR_CIV_GOD_RITONA',		'TXT_KEY_EA_GOD_RITONA',		'MINOR_TRAIT_RELIGIOUS',	'RELIGION_CULT_OF_AEGIR'		),
('MINOR_CIV_GOD_BAKKHOS',		'TXT_KEY_EA_GOD_BAKKHOS',		'MINOR_TRAIT_RELIGIOUS',	'RELIGION_CULT_OF_BAKKHEIA'		),
('MINOR_CIV_GOD_PAN',			'TXT_KEY_EA_GOD_PAN',			'MINOR_TRAIT_RELIGIOUS',	'RELIGION_CULT_OF_BAKKHEIA'		),
('MINOR_CIV_GOD_SILENUS',		'TXT_KEY_EA_GOD_SILENUS',		'MINOR_TRAIT_RELIGIOUS',	'RELIGION_CULT_OF_BAKKHEIA'		),
('MINOR_CIV_GOD_ERECURA',		'TXT_KEY_EA_GOD_ERECURA',		'MINOR_TRAIT_RELIGIOUS',	'blank'							),
('MINOR_CIV_GOD_VOSEGUS',		'TXT_KEY_EA_GOD_VOSEGUS',		'MINOR_TRAIT_RELIGIOUS',	'blank'							),
('MINOR_CIV_GOD_NANTOSUELTA',	'TXT_KEY_EA_GOD_NANTOSUELTA',	'MINOR_TRAIT_RELIGIOUS',	'blank'							),
('MINOR_CIV_GOD_DIS_PATER',		'TXT_KEY_EA_GOD_DIS_PATER',		'MINOR_TRAIT_RELIGIOUS',	'blank'							),
('MINOR_CIV_GOD_NERGAL',		'TXT_KEY_EA_GOD_NERGAL',		'MINOR_TRAIT_RELIGIOUS',	'blank'							),
('MINOR_CIV_GOD_WADD',			'TXT_KEY_EA_GOD_WADD',			'MINOR_TRAIT_RELIGIOUS',	'blank'							),
('MINOR_CIV_GOD_ABGAL',			'TXT_KEY_EA_GOD_ABGAL',			'MINOR_TRAIT_RELIGIOUS',	'blank'							),
('MINOR_CIV_GOD_NESR',			'TXT_KEY_EA_GOD_NESR',			'MINOR_TRAIT_RELIGIOUS',	'blank'							);

UPDATE MinorCivilizations SET ShortDescription = Description;
UPDATE MinorCivilizations SET Adjective = Description;
UPDATE MinorCivilizations SET Civilopedia = Description;
UPDATE MinorCivilizations SET ArtDefineTag = 'ART_DEF_CIVILIZATION_MINOR';
UPDATE MinorCivilizations SET DefaultPlayerColor = 'PLAYERCOLOR_MINOR_WHITE', ArtStyleType = 'ARTSTYLE_GRECO_ROMAN' WHERE MinorCivTrait = 'MINOR_TRAIT_RELIGIOUS';
UPDATE MinorCivilizations SET ArtStylePrefix = 'EUROPEAN ', ArtStyleSuffix = '_EURO' WHERE ArtStyleType = 'ARTSTYLE_EUROPEAN';
UPDATE MinorCivilizations SET ArtStylePrefix = 'MEDITERRANEAN ', ArtStyleSuffix = '_MED' WHERE ArtStyleType = 'ARTSTYLE_GRECO_ROMAN';
UPDATE MinorCivilizations SET ArtStylePrefix = 'ASIAN ', ArtStyleSuffix = '_ASIA' WHERE ArtStyleType = 'ARTSTYLE_ASIAN';
UPDATE MinorCivilizations SET ArtStylePrefix = 'AMERICAN ', ArtStyleSuffix = '_AMER' WHERE ArtStyleType = 'ARTSTYLE_SOUTH_AMERICA';
UPDATE MinorCivilizations SET ArtStylePrefix = 'AFRICAN ', ArtStyleSuffix = '_AFRI' WHERE ArtStyleType = 'ARTSTYLE_MIDDLE_EAST';

DELETE FROM MinorCivilization_CityNames;
INSERT INTO MinorCivilization_CityNames (MinorCivType, CityName) SELECT Type, Description FROM MinorCivilizations;

DELETE FROM MinorCivilization_Flavors;

CREATE TABLE MinorCivilization_GodResources (	'MinorCivType' TEXT DEFAULT NULL,
												'ResourceType' TEXT DEFAULT NULL,
												'ResourceNumber' INTEGER DEFAULT 0		);

INSERT INTO MinorCivilization_GodResources (MinorCivType, ResourceType, ResourceNumber) VALUES
('MINOR_CIV_GOD_FAGUS',			'RESOURCE_SILK',			1	),
('MINOR_CIV_GOD_FAGUS',			'RESOURCE_TIMBER',			3	),
('MINOR_CIV_GOD_ABELLIO',		'RESOURCE_FUR',				1	),
('MINOR_CIV_GOD_ABELLIO',		'RESOURCE_YEW',				3	),
('MINOR_CIV_GOD_BUXENUS',		'RESOURCE_IVORY',			1	),
('MINOR_CIV_GOD_BUXENUS',		'RESOURCE_TIMBER',			3	),
('MINOR_CIV_GOD_ROBOR',			'RESOURCE_DYE',				1	),
('MINOR_CIV_GOD_ROBOR',			'RESOURCE_TIMBER',			3	),
('MINOR_CIV_GOD_ABNOAB',		'RESOURCE_FUR',				1	),
('MINOR_CIV_GOD_ABNOAB',		'RESOURCE_YEW',				3	),
('MINOR_CIV_GOD_EPONA',			'RESOURCE_JADE',			1	),
('MINOR_CIV_GOD_EPONA',			'RESOURCE_HORSE',			4	),
('MINOR_CIV_GOD_ATEPOMARUS',	'RESOURCE_MOLY',			2	),
('MINOR_CIV_GOD_ATEPOMARUS',	'RESOURCE_HORSE',			4	),
('MINOR_CIV_GOD_SABAZIOS',		'RESOURCE_SILVER',			2	),
('MINOR_CIV_GOD_SABAZIOS',		'RESOURCE_IRON',			2	),
('MINOR_CIV_GOD_SABAZIOS',		'RESOURCE_MITHRIL',			2	),
('MINOR_CIV_GOD_SABAZIOS',		'RESOURCE_HORSE',			5	),
('MINOR_CIV_GOD_AVETA',			'RESOURCE_PEARLS',			1	),
('MINOR_CIV_GOD_AVETA',			'RESOURCE_SILVER',			1	),
('MINOR_CIV_GOD_CONDATIS',		'RESOURCE_SPICES',			1	),
('MINOR_CIV_GOD_CONDATIS',		'RESOURCE_IRON',			3	),
('MINOR_CIV_GOD_CONDATIS',		'RESOURCE_MITHRIL',			2	),
('MINOR_CIV_GOD_ABANDINUS',		'RESOURCE_SPIRITS',			1	),
('MINOR_CIV_GOD_ABANDINUS',		'RESOURCE_ELEPHANT',		3	),
('MINOR_CIV_GOD_ADSULLATA',		'RESOURCE_GOLD',			1	),
('MINOR_CIV_GOD_ADSULLATA',		'RESOURCE_COPPER',			5	),
('MINOR_CIV_GOD_ICAUNUS',		'RESOURCE_SUGAR',			1	),
('MINOR_CIV_GOD_ICAUNUS',		'RESOURCE_YEW',				3	),
('MINOR_CIV_GOD_BELISAMA',		'RESOURCE_GOLD',			1	),
('MINOR_CIV_GOD_BELISAMA',		'RESOURCE_COPPER',			5	),
('MINOR_CIV_GOD_CLOTA',			'RESOURCE_COTTON',			1	),
('MINOR_CIV_GOD_CLOTA',			'RESOURCE_ELEPHANT',		3	),
('MINOR_CIV_GOD_SABRINA',		'RESOURCE_MARBLE',			1	),
('MINOR_CIV_GOD_SEQUANA',		'RESOURCE_GEMS',			1	),
('MINOR_CIV_GOD_SEQUANA',		'RESOURCE_MOLY',			3	),
('MINOR_CIV_GOD_VERBEIA',		'RESOURCE_SILK',			1	),
('MINOR_CIV_GOD_VERBEIA',		'RESOURCE_NAPHTHA',			3	),
('MINOR_CIV_GOD_BORVO',			'RESOURCE_GEMS',			1	),
('MINOR_CIV_GOD_BORVO',			'RESOURCE_MOLY',			3	),
('MINOR_CIV_GOD_AEGIR',			'RESOURCE_SALT',			1	),
('MINOR_CIV_GOD_AEGIR',			'RESOURCE_IRON',			3	),
('MINOR_CIV_GOD_AEGIR',			'RESOURCE_MITHRIL',			2	),
('MINOR_CIV_GOD_BARINTHUS',		'RESOURCE_GEMS',			1	),
('MINOR_CIV_GOD_BARINTHUS',		'RESOURCE_MOLY',			3	),
('MINOR_CIV_GOD_LIBAN',			'RESOURCE_CITRUS',			1	),
('MINOR_CIV_GOD_LIBAN',			'RESOURCE_TIMBER',			3	),
('MINOR_CIV_GOD_FIMAFENG',		'RESOURCE_WOOL',			1	),
('MINOR_CIV_GOD_FIMAFENG',		'RESOURCE_COPPER',			5	),
('MINOR_CIV_GOD_ELDIR',			'RESOURCE_SPICES',			1	),
('MINOR_CIV_GOD_ELDIR',			'RESOURCE_NAPHTHA',			3	),
('MINOR_CIV_GOD_RITONA',		'RESOURCE_PEARLS',			1	),
('MINOR_CIV_GOD_RITONA',		'RESOURCE_TIMBER',			3	),
('MINOR_CIV_GOD_BAKKHOS',		'RESOURCE_WINE',			1	),
('MINOR_CIV_GOD_BAKKHOS',		'RESOURCE_SPIRITS',			1	),
('MINOR_CIV_GOD_BAKKHOS',		'RESOURCE_OPIUM',			1	),
('MINOR_CIV_GOD_PAN',			'RESOURCE_LEATHER',			1	),
('MINOR_CIV_GOD_PAN',			'RESOURCE_WINE',			1	),
('MINOR_CIV_GOD_PAN',			'RESOURCE_ALE',				1	),
('MINOR_CIV_GOD_SILENUS',		'RESOURCE_WINE',			1	),
('MINOR_CIV_GOD_SILENUS',		'RESOURCE_ALE',				1	),
('MINOR_CIV_GOD_SILENUS',		'RESOURCE_SPIRITS',			1	),
('MINOR_CIV_GOD_ERECURA',		'RESOURCE_GOLD',			1	),
('MINOR_CIV_GOD_ERECURA',		'RESOURCE_SALT',			1	),
('MINOR_CIV_GOD_ERECURA',		'RESOURCE_COPPER',			5	),
('MINOR_CIV_GOD_VOSEGUS',		'RESOURCE_FUR',				1	),
('MINOR_CIV_GOD_VOSEGUS',		'RESOURCE_YEW',				3	),
('MINOR_CIV_GOD_NANTOSUELTA',	'RESOURCE_WINE',			1	),
('MINOR_CIV_GOD_NANTOSUELTA',	'RESOURCE_NAPHTHA',			3	),
('MINOR_CIV_GOD_DIS_PATER',		'RESOURCE_GOLD',			1	),
('MINOR_CIV_GOD_DIS_PATER',		'RESOURCE_SILVER',			1	),
('MINOR_CIV_GOD_DIS_PATER',		'RESOURCE_GEMS',			1	),
('MINOR_CIV_GOD_NERGAL',		'RESOURCE_IRON',			3	),
('MINOR_CIV_GOD_NERGAL',		'RESOURCE_MITHRIL',			2	),
('MINOR_CIV_GOD_WADD',			'RESOURCE_WOOL',			1	),
('MINOR_CIV_GOD_WADD',			'RESOURCE_TEA',				1	),
('MINOR_CIV_GOD_ABGAL',			'RESOURCE_SPICES',			1	),
('MINOR_CIV_GOD_ABGAL',			'RESOURCE_JADE',			1	),
('MINOR_CIV_GOD_ABGAL',			'RESOURCE_SILK',			1	),
('MINOR_CIV_GOD_NESR',			'RESOURCE_QUICKSILVER',		2	),
('MINOR_CIV_GOD_NESR',			'RESOURCE_TOBACCO',			1	);



CREATE TABLE MinorCivilization_GodSpheres (	'MinorCivType' TEXT DEFAULT NULL,
											'SphereText' TEXT DEFAULT NULL,
											'Sphere' TEXT DEFAULT NULL		);

INSERT INTO MinorCivilization_GodSpheres (MinorCivType,	SphereText, Sphere) VALUES
('MINOR_CIV_GOD_FAGUS',			'TXT_KEY_EA_SPHERE_FORESTS',		NULL	),
('MINOR_CIV_GOD_FAGUS',			'TXT_KEY_EA_SPHERE_BEECH_TREES',	NULL	),
('MINOR_CIV_GOD_ABELLIO',		'TXT_KEY_EA_SPHERE_FORESTS',		NULL	),
('MINOR_CIV_GOD_ABELLIO',		'TXT_KEY_EA_SPHERE_APPLE_TREES',	NULL	),
('MINOR_CIV_GOD_BUXENUS',		'TXT_KEY_EA_SPHERE_FORESTS',		NULL	),
('MINOR_CIV_GOD_BUXENUS',		'TXT_KEY_EA_SPHERE_BOX_TREES',		NULL	),
('MINOR_CIV_GOD_BUXENUS',		'TXT_KEY_EA_SPHERE_WAR',			NULL	),
('MINOR_CIV_GOD_ROBOR',			'TXT_KEY_EA_SPHERE_FORESTS',		NULL	),
('MINOR_CIV_GOD_ROBOR',			'TXT_KEY_EA_SPHERE_OAK_TREES',		NULL	),
('MINOR_CIV_GOD_ABNOAB',		'TXT_KEY_EA_SPHERE_FORESTS',		NULL	),
('MINOR_CIV_GOD_ABNOAB',		'TXT_KEY_EA_SPHERE_RIVERS',			NULL	),
('MINOR_CIV_GOD_ABNOAB',		'TXT_KEY_EA_SPHERE_THE_HUNT',		NULL	),
('MINOR_CIV_GOD_EPONA',			'TXT_KEY_EA_SPHERE_HORSES',			NULL	),
('MINOR_CIV_GOD_EPONA',			'TXT_KEY_EA_SPHERE_DONKEYS_MULES',	NULL	),
('MINOR_CIV_GOD_EPONA',			'TXT_KEY_EA_SPHERE_FERTILITY',		NULL	),
('MINOR_CIV_GOD_ATEPOMARUS',	'TXT_KEY_EA_SPHERE_HORSES',			NULL	),
('MINOR_CIV_GOD_ATEPOMARUS',	'TXT_KEY_EA_SPHERE_HEALING',		NULL	),
('MINOR_CIV_GOD_SABAZIOS',		'TXT_KEY_EA_SPHERE_HORSES',			NULL	),
('MINOR_CIV_GOD_SABAZIOS',		'TXT_KEY_EA_SPHERE_SKY',			NULL	),
('MINOR_CIV_GOD_SABAZIOS',		'TXT_KEY_EA_SPHERE_POWER',			NULL	),
('MINOR_CIV_GOD_AVETA',			'TXT_KEY_EA_SPHERE_SPRINGS',		NULL	),
('MINOR_CIV_GOD_AVETA',			'TXT_KEY_EA_SPHERE_FERTILITY',		NULL	),
('MINOR_CIV_GOD_CONDATIS',		'TXT_KEY_EA_SPHERE_RIVERS',			NULL	),
('MINOR_CIV_GOD_CONDATIS',		'TXT_KEY_EA_SPHERE_WAR',			NULL	),
('MINOR_CIV_GOD_ABANDINUS',		'TXT_KEY_EA_SPHERE_RIVERS',			NULL	),
('MINOR_CIV_GOD_ABANDINUS',		'TXT_KEY_EA_SPHERE_JUBILATION',		NULL	),
('MINOR_CIV_GOD_ADSULLATA',		'TXT_KEY_EA_SPHERE_RIVERS',			NULL	),
('MINOR_CIV_GOD_ADSULLATA',		'TXT_KEY_EA_SPHERE_SPRINGS',		NULL	),
('MINOR_CIV_GOD_ADSULLATA',		'TXT_KEY_EA_SPHERE_SUN',			NULL	),
('MINOR_CIV_GOD_ICAUNUS',		'TXT_KEY_EA_SPHERE_RIVERS',			NULL	),
('MINOR_CIV_GOD_BELISAMA',		'TXT_KEY_EA_SPHERE_RIVERS',			NULL	),
('MINOR_CIV_GOD_BELISAMA',		'TXT_KEY_EA_SPHERE_LAKES',			NULL	),
('MINOR_CIV_GOD_BELISAMA',		'TXT_KEY_EA_SPHERE_SUN',			NULL	),
('MINOR_CIV_GOD_CLOTA',			'TXT_KEY_EA_SPHERE_RIVERS',			NULL	),
('MINOR_CIV_GOD_SABRINA',		'TXT_KEY_EA_SPHERE_RIVERS',			NULL	),
('MINOR_CIV_GOD_SEQUANA',		'TXT_KEY_EA_SPHERE_RIVERS',			NULL	),
('MINOR_CIV_GOD_SEQUANA',		'TXT_KEY_EA_SPHERE_SPRINGS',		NULL	),
('MINOR_CIV_GOD_SEQUANA',		'TXT_KEY_EA_SPHERE_HEALING',		NULL	),
('MINOR_CIV_GOD_VERBEIA',		'TXT_KEY_EA_SPHERE_RIVERS',			NULL	),
('MINOR_CIV_GOD_BORVO',			'TXT_KEY_EA_SPHERE_SPRINGS',		NULL	),
('MINOR_CIV_GOD_BORVO',			'TXT_KEY_EA_SPHERE_HEALING',		NULL	),
('MINOR_CIV_GOD_AEGIR',			'TXT_KEY_EA_SPHERE_OCEAN',			NULL	),
('MINOR_CIV_GOD_AEGIR',			'TXT_KEY_EA_SPHERE_POWER',			NULL	),
('MINOR_CIV_GOD_BARINTHUS',		'TXT_KEY_EA_SPHERE_OCEAN',			NULL	),
('MINOR_CIV_GOD_BARINTHUS',		'TXT_KEY_EA_SPHERE_WEATHER',		NULL	),
('MINOR_CIV_GOD_BARINTHUS',		'TXT_KEY_EA_SPHERE_MAGIC',			NULL	),
('MINOR_CIV_GOD_LIBAN',			'TXT_KEY_EA_SPHERE_OCEAN',			NULL	),
('MINOR_CIV_GOD_LIBAN',			'TXT_KEY_EA_SPHERE_HEALING',		NULL	),
('MINOR_CIV_GOD_LIBAN',			'TXT_KEY_EA_SPHERE_BEAUTY',			NULL	),
('MINOR_CIV_GOD_FIMAFENG',		'TXT_KEY_EA_SPHERE_OCEAN',			NULL	),
('MINOR_CIV_GOD_FIMAFENG',		'TXT_KEY_EA_SPHERE_SERVICE',		NULL	),
('MINOR_CIV_GOD_ELDIR',			'TXT_KEY_EA_SPHERE_OCEAN',			NULL	),
('MINOR_CIV_GOD_ELDIR',			'TXT_KEY_EA_SPHERE_FIRE',			NULL	),
('MINOR_CIV_GOD_RITONA',		'TXT_KEY_EA_SPHERE_COASTS',			NULL	),
('MINOR_CIV_GOD_RITONA',		'TXT_KEY_EA_SPHERE_FJORDS',			NULL	),
('MINOR_CIV_GOD_RITONA',		'TXT_KEY_EA_SPHERE_JUBILATION',		NULL	),
('MINOR_CIV_GOD_BAKKHOS',		'TXT_KEY_EA_SPHERE_WINE',			NULL	),
('MINOR_CIV_GOD_BAKKHOS',		'TXT_KEY_EA_SPHERE_MUSIC',			NULL	),
('MINOR_CIV_GOD_BAKKHOS',		'TXT_KEY_EA_SPHERE_MADNESS',		NULL	),
('MINOR_CIV_GOD_PAN',			'TXT_KEY_EA_SPHERE_WINE',			NULL	),
('MINOR_CIV_GOD_PAN',			'TXT_KEY_EA_SPHERE_THE_HUNT',		NULL	),
('MINOR_CIV_GOD_PAN',			'TXT_KEY_EA_SPHERE_PASTURES',		NULL	),
('MINOR_CIV_GOD_PAN',			'TXT_KEY_EA_SPHERE_FAERIES',		NULL	),
('MINOR_CIV_GOD_SILENUS',		'TXT_KEY_EA_SPHERE_WINE',			NULL	),
('MINOR_CIV_GOD_SILENUS',		'TXT_KEY_EA_SPHERE_ALE',			NULL	),
('MINOR_CIV_GOD_SILENUS',		'TXT_KEY_EA_SPHERE_FOLKLORE',		NULL	),
('MINOR_CIV_GOD_SILENUS',		'TXT_KEY_EA_SPHERE_MADNESS',		NULL	),
('MINOR_CIV_GOD_ERECURA',		'TXT_KEY_EA_SPHERE_WEALTH',			NULL	),
('MINOR_CIV_GOD_ERECURA',		'TXT_KEY_EA_SPHERE_UNDERWORLD',		NULL	),
('MINOR_CIV_GOD_VOSEGUS',		'TXT_KEY_EA_SPHERE_EARTH',			NULL	),
('MINOR_CIV_GOD_VOSEGUS',		'TXT_KEY_EA_SPHERE_THE_HUNT',		NULL	),
('MINOR_CIV_GOD_NANTOSUELTA',	'TXT_KEY_EA_SPHERE_EARTH',			NULL	),
('MINOR_CIV_GOD_NANTOSUELTA',	'TXT_KEY_EA_SPHERE_FIRE',			NULL	),
('MINOR_CIV_GOD_NANTOSUELTA',	'TXT_KEY_EA_SPHERE_FERTILITY',		NULL	),
('MINOR_CIV_GOD_DIS_PATER',		'TXT_KEY_EA_SPHERE_WEALTH',			NULL	),
('MINOR_CIV_GOD_DIS_PATER',		'TXT_KEY_EA_SPHERE_MINERALS',		NULL	),
('MINOR_CIV_GOD_NERGAL',		'TXT_KEY_EA_SPHERE_SUN',			NULL	),
('MINOR_CIV_GOD_NERGAL',		'TXT_KEY_EA_SPHERE_WAR',			NULL	),
('MINOR_CIV_GOD_WADD',			'TXT_KEY_EA_SPHERE_FRIENDSHIP',		NULL	),
('MINOR_CIV_GOD_WADD',			'TXT_KEY_EA_SPHERE_MOON',			NULL	),
('MINOR_CIV_GOD_WADD',			'TXT_KEY_EA_SPHERE_SNAKES',			NULL	),
('MINOR_CIV_GOD_ABGAL',			'TXT_KEY_EA_SPHERE_DESERT',			NULL	),
('MINOR_CIV_GOD_ABGAL',			'TXT_KEY_EA_SPHERE_TRADE',			NULL	),
('MINOR_CIV_GOD_NESR',			'TXT_KEY_EA_SPHERE_DESERT',			NULL	),
('MINOR_CIV_GOD_NESR',			'TXT_KEY_EA_SPHERE_MADNESS',		NULL	),
('MINOR_CIV_GOD_NESR',			'TXT_KEY_EA_SPHERE_VULTURES',		NULL	);


--fixinator
CREATE TABLE IDRemapper ( id INTEGER PRIMARY KEY AUTOINCREMENT, Type TEXT );
INSERT INTO IDRemapper (Type) SELECT Type FROM MinorCivilizations ORDER BY ID;
UPDATE MinorCivilizations SET ID =	( SELECT IDRemapper.id-1 FROM IDRemapper WHERE MinorCivilizations.Type = IDRemapper.Type);
DROP TABLE IDRemapper;

INSERT INTO EaDebugTableCheck(FileName) SELECT 'MinorCivs.sql';