
--EaInitialBelief
DELETE FROM Religions WHERE Type <> 'RELIGION_PANTHEON';	--need to keep pantheon for dll?
ALTER TABLE Religions ADD COLUMN 'EaInitialBelief' TEXT DEFAULT NULL;
ALTER TABLE Religions ADD COLUMN 'EaInitialBelief2' TEXT DEFAULT NULL;
ALTER TABLE Religions ADD COLUMN 'EaInitialBelief3' TEXT DEFAULT NULL;
ALTER TABLE Religions ADD COLUMN 'EaFreeCultSpell' TEXT DEFAULT NULL;
ALTER TABLE Religions ADD COLUMN 'EaStrategy' TEXT DEFAULT NULL;
ALTER TABLE Religions ADD COLUMN 'EaFollowerBuilding' TEXT DEFAULT NULL;

INSERT INTO Religions (Type,		EaFollowerBuilding,						EaFreeCultSpell,				EaInitialBelief,						EaInitialBelief2,						EaInitialBelief3,						IconAtlas,				PortraitIndex,	IconString) VALUES
('RELIGION_AZZANDARAYASNA',			NULL,									NULL,							'BELIEF_AZZANDARAYASNA_FOUNDER',		'BELIEF_AZZANDARAYASNA_FOLLOWER',		NULL,									'EA_RELIGION_ATLAS',	0,				'[ICON_RELIGION_AZZANDARAYASNA]'	),
('RELIGION_ANRA',					'BUILDING_ANRA_FOLLOWER',				NULL,							'BELIEF_ANRA_FOUNDER',					'BELIEF_ANRA_FOLLOWER',					NULL,									'EA_RELIGION_ATLAS',	1,				'[ICON_RELIGION_ANRA]'				),
--order matters below: all religions that follow The Weave of Ea are treated as cults within that religion
('RELIGION_THE_WEAVE_OF_EA',		NULL,									NULL,							'BELIEF_THE_WEAVE_OF_EA_FOLLOWER',		NULL,									NULL,									'EA_RELIGION_ATLAS',	2,				'[ICON_RELIGION_THE_WEAVE]'			),
('RELIGION_CULT_OF_LEAVES',			NULL,									'EA_SPELL_BLOOM',				'BELIEF_THE_WEAVE_OF_EA_FOLLOWER',		'BELIEF_CULT_OF_LEAVES_FOUNDER',		'BELIEF_CULT_OF_LEAVES_FOLLOWER',		'EA_RELIGION_ATLAS',	3,				'[ICON_CULT_OF_LEAVES]'				),
('RELIGION_CULT_OF_ABZU',			NULL,									'EA_SPELL_PURIFY',				'BELIEF_THE_WEAVE_OF_EA_FOLLOWER',		'BELIEF_CULT_OF_ABZU_FOUNDER',			'BELIEF_CULT_OF_ABZU_FOLLOWER',			'EA_RELIGION_ATLAS',	6,				'[ICON_CULT_OF_ABZU]'				),
('RELIGION_CULT_OF_AEGIR',			NULL,									'EA_SPELL_FAIR_WINDS',			'BELIEF_THE_WEAVE_OF_EA_FOLLOWER',		'BELIEF_CULT_OF_AEGIR_FOUNDER',			'BELIEF_CULT_OF_AEGIR_FOLLOWER',		'EA_RELIGION_ATLAS',	7,				'[ICON_CULT_OF_AEGIR]'				),
('RELIGION_CULT_OF_PLOUTON',		NULL,									NULL,							'BELIEF_THE_WEAVE_OF_EA_FOLLOWER',		'BELIEF_CULT_OF_PLOUTON_FOUNDER',		'BELIEF_CULT_OF_PLOUTON_FOLLOWER',		'EA_RELIGION_ATLAS',	8,				'[ICON_CULT_OF_PLOUTON]'			),
('RELIGION_CULT_OF_CAHRA',			NULL,									NULL,							'BELIEF_THE_WEAVE_OF_EA_FOLLOWER',		'BELIEF_CULT_OF_CAHRA_FOUNDER',			'BELIEF_CULT_OF_CAHRA_FOLLOWER',		'EA_RELIGION_ATLAS',	9,				'[ICON_CULT_OF_CAHRA]'				),
('RELIGION_CULT_OF_EPONA',			'BUILDING_CULT_OF_EPONA_FOLLOWER',		'EA_SPELL_RIDE_LIKE_THE_WIND',	'BELIEF_THE_WEAVE_OF_EA_FOLLOWER',		'BELIEF_CULT_OF_EPONA_FOUNDER',			'BELIEF_CULT_OF_EPONA_FOLLOWER',		'EA_RELIGION_ATLAS',	5,				'[ICON_CULT_OF_EPONA]'				),
('RELIGION_CULT_OF_BAKKHEIA',		'BUILDING_CULT_OF_BAKKHEIA_FOLLOWER',	'EA_SPELL_REVELRY',				'BELIEF_THE_WEAVE_OF_EA_FOLLOWER',		'BELIEF_CULT_OF_BAKKHEIA_FOUNDER',		'BELIEF_CULT_OF_BAKKHEIA_FOLLOWER',		'EA_RELIGION_ATLAS',	4,				'[ICON_CULT_OF_BAKKHEIA]'			);

UPDATE Religions SET Description = 'TXT_KEY_EA_' || Type;
UPDATE Religions SET Civilopedia = Description || '_PEDIA', EaStrategy = Description || '_STRATEGY';
UPDATE Religions SET EaStrategy = NULL WHERE Type == 'RELIGION_THE_WEAVE_OF_EA';

CREATE TABLE Religions_BeliefsInReligion (	'ReligionType' TEXT DEFAULT NULL,			--This is used only for Religions UI
											'BeliefType' TEXT DEFAULT NULL);

INSERT INTO Religions_BeliefsInReligion (ReligionType,	BeliefType) VALUES
('RELIGION_AZZANDARAYASNA',			'BELIEF_AZZANDARAYASNA_FOUNDER'			),
('RELIGION_AZZANDARAYASNA',			'BELIEF_AZZANDARAYASNA_FOLLOWER'		),
('RELIGION_AZZANDARAYASNA',			'BELIEF_WAY_OF_THE_WISE'				),
('RELIGION_AZZANDARAYASNA',			'BELIEF_HEAVENS_MANDATE'				),
('RELIGION_AZZANDARAYASNA',			'BELIEF_PRIESTHOOD'						),
('RELIGION_AZZANDARAYASNA',			'BELIEF_HOLY_ORDER'						),
('RELIGION_AZZANDARAYASNA',			'BELIEF_THEOCRACY'						),
('RELIGION_ANRA',					'BELIEF_ANRA_FOUNDER'					),
('RELIGION_ANRA',					'BELIEF_ANRA_FOLLOWER'					),
('RELIGION_ANRA',					'BELIEF_ANTI_WAY_OF_THE_WISE'			),
('RELIGION_ANRA',					'BELIEF_ANTI_HEAVENS_MANDATE'			),
('RELIGION_ANRA',					'BELIEF_ANTI_PRIESTHOOD'				),
('RELIGION_ANRA',					'BELIEF_ANTI_HOLY_ORDER'				),
('RELIGION_ANRA',					'BELIEF_ANTI_THEOCRACY'					),
('RELIGION_THE_WEAVE_OF_EA',		'BELIEF_THE_WEAVE_OF_EA_FOLLOWER'		),
('RELIGION_CULT_OF_LEAVES',			'BELIEF_CULT_OF_LEAVES_FOUNDER'			),
('RELIGION_CULT_OF_LEAVES',			'BELIEF_THE_WEAVE_OF_EA_FOLLOWER'		),
('RELIGION_CULT_OF_LEAVES',			'BELIEF_CULT_OF_LEAVES_FOLLOWER'		),
('RELIGION_CULT_OF_ABZU',			'BELIEF_CULT_OF_ABZU_FOUNDER'			),
('RELIGION_CULT_OF_ABZU',			'BELIEF_THE_WEAVE_OF_EA_FOLLOWER'		),
('RELIGION_CULT_OF_ABZU',			'BELIEF_CULT_OF_ABZU_FOLLOWER'			),
('RELIGION_CULT_OF_AEGIR',			'BELIEF_CULT_OF_AEGIR_FOUNDER'			),
('RELIGION_CULT_OF_AEGIR',			'BELIEF_THE_WEAVE_OF_EA_FOLLOWER'		),
('RELIGION_CULT_OF_AEGIR',			'BELIEF_CULT_OF_AEGIR_FOLLOWER'			),
('RELIGION_CULT_OF_PLOUTON',		'BELIEF_CULT_OF_PLOUTON_FOUNDER'		),
('RELIGION_CULT_OF_PLOUTON',		'BELIEF_THE_WEAVE_OF_EA_FOLLOWER'		),
('RELIGION_CULT_OF_PLOUTON',		'BELIEF_CULT_OF_PLOUTON_FOLLOWER'		),
('RELIGION_CULT_OF_CAHRA',			'BELIEF_CULT_OF_CAHRA_FOUNDER'			),
('RELIGION_CULT_OF_CAHRA',			'BELIEF_THE_WEAVE_OF_EA_FOLLOWER'		),
('RELIGION_CULT_OF_CAHRA',			'BELIEF_CULT_OF_CAHRA_FOLLOWER'			),
('RELIGION_CULT_OF_EPONA',			'BELIEF_CULT_OF_EPONA_FOUNDER'			),
('RELIGION_CULT_OF_EPONA',			'BELIEF_THE_WEAVE_OF_EA_FOLLOWER'		),
('RELIGION_CULT_OF_EPONA',			'BELIEF_CULT_OF_EPONA_FOLLOWER'			),
('RELIGION_CULT_OF_BAKKHEIA',		'BELIEF_CULT_OF_BAKKHEIA_FOUNDER'		),
('RELIGION_CULT_OF_BAKKHEIA',		'BELIEF_THE_WEAVE_OF_EA_FOLLOWER'		),
('RELIGION_CULT_OF_BAKKHEIA',		'BELIEF_CULT_OF_BAKKHEIA_FOLLOWER'		);


ALTER TABLE Beliefs ADD COLUMN 'EaPolicyTrigger' TEXT DEFAULT NULL;

DELETE FROM Beliefs;
INSERT INTO Beliefs (Type,					EaPolicyTrigger,				Founder,	Follower,	Enhancer) VALUES
('BELIEF_FAKE_PANTHEON',					NULL,							0,			0,			0		),
('BELIEF_AZZANDARAYASNA_FOUNDER',			NULL,							1,			0,			0		),
('BELIEF_AZZANDARAYASNA_FOLLOWER',			NULL,							0,			1,			0		),
('BELIEF_WAY_OF_THE_WISE',					'POLICY_WAY_OF_THE_WISE',		0,			0,			1		),
('BELIEF_HEAVENS_MANDATE',					'POLICY_HEAVENS_MANDATE',		1,			0,			0		),
('BELIEF_PRIESTHOOD',						'POLICY_PRIESTHOOD',			0,			0,			1		),
('BELIEF_HOLY_ORDER',						'POLICY_HOLY_ORDER',			0,			0,			1		),
('BELIEF_THEOCRACY',						'POLICY_THEOCRACY',				1,			0,			0		),
('BELIEF_ANRA_FOUNDER',						NULL,							1,			0,			0		),
('BELIEF_ANRA_FOLLOWER',					NULL,							0,			1,			0		),
('BELIEF_ANTI_WAY_OF_THE_WISE',				'POLICY_ANTI_WAY_OF_THE_WISE',	0,			0,			1		),
('BELIEF_ANTI_HEAVENS_MANDATE',				'POLICY_ANTI_HEAVENS_MANDATE',	1,			0,			0		),
('BELIEF_ANTI_PRIESTHOOD',					'POLICY_ANTI_PRIESTHOOD',		0,			0,			1		),
('BELIEF_ANTI_HOLY_ORDER',					'POLICY_ANTI_HOLY_ORDER',		0,			0,			1		),
('BELIEF_ANTI_THEOCRACY',					'POLICY_ANTI_THEOCRACY',		1,			0,			0		),
('BELIEF_THE_WEAVE_OF_EA_FOLLOWER',			NULL,							0,			1,			0		),
('BELIEF_CULT_OF_LEAVES_FOUNDER',			NULL,							1,			0,			0		),
('BELIEF_CULT_OF_LEAVES_FOLLOWER',			NULL,							0,			1,			0		),
('BELIEF_CULT_OF_ABZU_FOUNDER',				NULL,							1,			0,			0		),
('BELIEF_CULT_OF_ABZU_FOLLOWER',			NULL,							0,			1,			0		),
('BELIEF_CULT_OF_AEGIR_FOUNDER',			NULL,							1,			0,			0		),
('BELIEF_CULT_OF_AEGIR_FOLLOWER',			NULL,							0,			1,			0		),
('BELIEF_CULT_OF_PLOUTON_FOUNDER',			NULL,							1,			0,			0		),
('BELIEF_CULT_OF_PLOUTON_FOLLOWER',			NULL,							0,			1,			0		),
('BELIEF_CULT_OF_CAHRA_FOUNDER',			NULL,							1,			0,			0		),
('BELIEF_CULT_OF_CAHRA_FOLLOWER',			NULL,							0,			1,			0		),
('BELIEF_CULT_OF_EPONA_FOUNDER',			NULL,							1,			0,			0		),
('BELIEF_CULT_OF_EPONA_FOLLOWER',			NULL,							0,			1,			0		),
('BELIEF_CULT_OF_BAKKHEIA_FOUNDER',			NULL,							1,			0,			0		),
('BELIEF_CULT_OF_BAKKHEIA_FOLLOWER',		NULL,							0,			1,			0		);

UPDATE Beliefs SET ShortDescription = 'TXT_KEY_EA_' || Type || '_SHORT';

UPDATE Beliefs SET Pantheon = 1 WHERE Type = 'BELIEF_FAKE_PANTHEON';		--always id=0
UPDATE Beliefs SET GoldPerFollowingCity = 1 WHERE Type = 'BELIEF_AZZANDARAYASNA_FOUNDER';
UPDATE Beliefs SET SpreadStrengthModifier = 33 WHERE Type = 'BELIEF_PRIESTHOOD';
UPDATE Beliefs SET FriendlyHealChange = 30 WHERE Type = 'BELIEF_WAY_OF_THE_WISE';
UPDATE Beliefs SET CombatModifierFriendlyCities = 30 WHERE Type = 'BELIEF_HOLY_ORDER';
UPDATE Beliefs SET GoldPerFollowingCity = 2 WHERE Type = 'BELIEF_THEOCRACY';
UPDATE Beliefs SET CityGrowthModifier = -15 WHERE Type = 'BELIEF_ANRA_FOLLOWER';
UPDATE Beliefs SET SpreadDistanceModifier = 50 WHERE Type = 'BELIEF_ANTI_PRIESTHOOD';
UPDATE Beliefs SET FaithFromKills = 50 WHERE Type = 'BELIEF_ANTI_WAY_OF_THE_WISE';
UPDATE Beliefs SET CombatModifierEnemyCities = 40 WHERE Type = 'BELIEF_ANTI_HOLY_ORDER';
UPDATE Beliefs SET RiverHappiness = 2 WHERE Type = 'BELIEF_CULT_OF_ABZU_FOLLOWER';



DELETE FROM Belief_CityYieldChanges;
DELETE FROM Belief_HolyCityYieldChanges;
DELETE FROM Belief_ResourceQuantityModifiers;
DELETE FROM Belief_ResourceHappiness;		--not used in base; works?
DELETE FROM Belief_TerrainYieldChanges;
DELETE FROM Belief_YieldChangeAnySpecialist;
DELETE FROM Belief_YieldChangeTradeRoute;
DELETE FROM Belief_YieldChangeNaturalWonder;
DELETE FROM Belief_YieldChangeWorldWonder;
DELETE FROM Belief_YieldModifierNaturalWonder;

DELETE FROM Belief_BuildingClassHappiness;
INSERT INTO Belief_BuildingClassHappiness(BeliefType, BuildingClassType, Happiness) VALUES
('BELIEF_CULT_OF_EPONA_FOLLOWER',		'BUILDINGCLASS_STABLE',		2	),
('BELIEF_CULT_OF_BAKKHEIA_FOLLOWER',	'BUILDINGCLASS_WINERY',		1	),
('BELIEF_CULT_OF_BAKKHEIA_FOLLOWER',	'BUILDINGCLASS_BREWERY',	1	),
('BELIEF_CULT_OF_BAKKHEIA_FOLLOWER',	'BUILDINGCLASS_DISTILLERY',	1	);

DELETE FROM Belief_BuildingClassYieldChanges;
INSERT INTO Belief_BuildingClassYieldChanges(BeliefType, BuildingClassType, YieldType, YieldChange) VALUES
('BELIEF_CULT_OF_BAKKHEIA_FOLLOWER',	'BUILDINGCLASS_WINERY',		'YIELD_CULTURE',	2	),
('BELIEF_CULT_OF_BAKKHEIA_FOLLOWER',	'BUILDINGCLASS_BREWERY',	'YIELD_CULTURE',	2	),
('BELIEF_CULT_OF_BAKKHEIA_FOLLOWER',	'BUILDINGCLASS_DISTILLERY',	'YIELD_CULTURE',	2	);


DELETE FROM Belief_FeatureYieldChanges;
INSERT INTO Belief_FeatureYieldChanges(BeliefType, FeatureType, YieldType, Yield) VALUES
('BELIEF_THE_WEAVE_OF_EA_FOLLOWER', 'FEATURE_FOREST',	'YIELD_FOOD', 1 ),
('BELIEF_THE_WEAVE_OF_EA_FOLLOWER', 'FEATURE_JUNGLE',	'YIELD_FOOD', 1 ),
('BELIEF_THE_WEAVE_OF_EA_FOLLOWER', 'FEATURE_MARSH',	'YIELD_FOOD', 1 ),
('BELIEF_CULT_OF_ABZU_FOLLOWER',	'FEATURE_OASIS',	'YIELD_FOOD', 2 );		--Does not work

DELETE FROM Belief_MaxYieldModifierPerFollower;
INSERT INTO Belief_MaxYieldModifierPerFollower(BeliefType, YieldType, Max) VALUES
('BELIEF_AZZANDARAYASNA_FOLLOWER',	'YIELD_CULTURE',	35	),
('BELIEF_ANRA_FOLLOWER',			'YIELD_SCIENCE',	80	);

DELETE FROM Belief_YieldChangePerForeignCity;
INSERT INTO Belief_YieldChangePerForeignCity(BeliefType, YieldType, Yield) VALUES
('BELIEF_AZZANDARAYASNA_FOUNDER',	'YIELD_FAITH',		1	),
('BELIEF_HEAVENS_MANDATE',			'YIELD_FAITH',		2	);

DELETE FROM Belief_YieldChangePerXForeignFollowers;
INSERT INTO Belief_YieldChangePerXForeignFollowers(BeliefType, YieldType, ForeignFollowers) VALUES
('BELIEF_ANRA_FOUNDER',				'YIELD_SCIENCE',	2	),
('BELIEF_ANRA_FOUNDER',				'YIELD_FAITH',		2	),
('BELIEF_ANTI_HEAVENS_MANDATE',		'YIELD_FAITH',		1	),
('BELIEF_ANTI_THEOCRACY',			'YIELD_SCIENCE',	1	);



DELETE FROM Belief_ImprovementYieldChanges;
--INSERT INTO Belief_ImprovementYieldChanges(BeliefType, ImprovementType, YieldType, Yield)

DELETE FROM Belief_ResourceYieldChanges;
INSERT INTO Belief_ResourceYieldChanges(BeliefType, ResourceType, YieldType, Yield) VALUES
('BELIEF_CULT_OF_AEGIR_FOLLOWER',		'RESOURCE_FISH',		'YIELD_PRODUCTION',	1	),
('BELIEF_CULT_OF_AEGIR_FOLLOWER',		'RESOURCE_FISH',		'YIELD_GOLD',		1	),
('BELIEF_CULT_OF_AEGIR_FOLLOWER',		'RESOURCE_FISH',		'YIELD_CULTURE',	1	),
('BELIEF_CULT_OF_AEGIR_FOLLOWER',		'RESOURCE_CRAB',		'YIELD_PRODUCTION',	1	),
('BELIEF_CULT_OF_AEGIR_FOLLOWER',		'RESOURCE_CRAB',		'YIELD_GOLD',		1	),
('BELIEF_CULT_OF_AEGIR_FOLLOWER',		'RESOURCE_CRAB',		'YIELD_CULTURE',	1	),
('BELIEF_CULT_OF_AEGIR_FOLLOWER',		'RESOURCE_PEARLS',		'YIELD_PRODUCTION',	1	),
('BELIEF_CULT_OF_AEGIR_FOLLOWER',		'RESOURCE_PEARLS',		'YIELD_GOLD',		1	),
('BELIEF_CULT_OF_AEGIR_FOLLOWER',		'RESOURCE_PEARLS',		'YIELD_CULTURE',	1	),
('BELIEF_CULT_OF_AEGIR_FOLLOWER',		'RESOURCE_WHALE',		'YIELD_PRODUCTION',	1	),
('BELIEF_CULT_OF_AEGIR_FOLLOWER',		'RESOURCE_WHALE',		'YIELD_GOLD',		1	),
('BELIEF_CULT_OF_AEGIR_FOLLOWER',		'RESOURCE_WHALE',		'YIELD_CULTURE',	1	),
('BELIEF_CULT_OF_PLOUTON_FOLLOWER',		'RESOURCE_COPPER',		'YIELD_PRODUCTION',	1	),
('BELIEF_CULT_OF_PLOUTON_FOLLOWER',		'RESOURCE_COPPER',		'YIELD_GOLD',		1	),
('BELIEF_CULT_OF_PLOUTON_FOLLOWER',		'RESOURCE_GEMS',		'YIELD_PRODUCTION',	1	),
('BELIEF_CULT_OF_PLOUTON_FOLLOWER',		'RESOURCE_GEMS',		'YIELD_GOLD',		1	),
('BELIEF_CULT_OF_PLOUTON_FOLLOWER',		'RESOURCE_GOLD',		'YIELD_PRODUCTION',	1	),
('BELIEF_CULT_OF_PLOUTON_FOLLOWER',		'RESOURCE_GOLD',		'YIELD_GOLD',		1	),
('BELIEF_CULT_OF_PLOUTON_FOLLOWER',		'RESOURCE_IRON',		'YIELD_PRODUCTION',	1	),
('BELIEF_CULT_OF_PLOUTON_FOLLOWER',		'RESOURCE_IRON',		'YIELD_GOLD',		1	),
('BELIEF_CULT_OF_PLOUTON_FOLLOWER',		'RESOURCE_JADE',		'YIELD_PRODUCTION',	1	),
('BELIEF_CULT_OF_PLOUTON_FOLLOWER',		'RESOURCE_JADE',		'YIELD_GOLD',		1	),
('BELIEF_CULT_OF_PLOUTON_FOLLOWER',		'RESOURCE_MARBLE',		'YIELD_PRODUCTION',	1	),
('BELIEF_CULT_OF_PLOUTON_FOLLOWER',		'RESOURCE_MARBLE',		'YIELD_GOLD',		1	),
('BELIEF_CULT_OF_PLOUTON_FOLLOWER',		'RESOURCE_MITHRIL',		'YIELD_PRODUCTION',	1	),
('BELIEF_CULT_OF_PLOUTON_FOLLOWER',		'RESOURCE_MITHRIL',		'YIELD_GOLD',		1	),
('BELIEF_CULT_OF_PLOUTON_FOLLOWER',		'RESOURCE_NAPHTHA',		'YIELD_PRODUCTION',	1	),
('BELIEF_CULT_OF_PLOUTON_FOLLOWER',		'RESOURCE_NAPHTHA',		'YIELD_GOLD',		1	),
('BELIEF_CULT_OF_PLOUTON_FOLLOWER',		'RESOURCE_QUICKSILVER',	'YIELD_PRODUCTION',	1	),
('BELIEF_CULT_OF_PLOUTON_FOLLOWER',		'RESOURCE_QUICKSILVER',	'YIELD_GOLD',		1	),
('BELIEF_CULT_OF_PLOUTON_FOLLOWER',		'RESOURCE_SALT',		'YIELD_PRODUCTION',	1	),
('BELIEF_CULT_OF_PLOUTON_FOLLOWER',		'RESOURCE_SALT',		'YIELD_GOLD',		1	),
('BELIEF_CULT_OF_PLOUTON_FOLLOWER',		'RESOURCE_SILVER',		'YIELD_PRODUCTION',	1	),
('BELIEF_CULT_OF_PLOUTON_FOLLOWER',		'RESOURCE_SILVER',		'YIELD_GOLD',		1	),
('BELIEF_CULT_OF_PLOUTON_FOLLOWER',		'RESOURCE_STONE',		'YIELD_PRODUCTION',	1	),
('BELIEF_CULT_OF_PLOUTON_FOLLOWER',		'RESOURCE_STONE',		'YIELD_GOLD',		1	),
('BELIEF_CULT_OF_EPONA_FOLLOWER',		'RESOURCE_HORSE',		'YIELD_CULTURE',	2	),
('BELIEF_CULT_OF_BAKKHEIA_FOLLOWER',	'RESOURCE_WINE',		'YIELD_CULTURE',	2	);




-- fixinator
CREATE TABLE IDRemapper ( id INTEGER PRIMARY KEY AUTOINCREMENT, Type TEXT );
INSERT INTO IDRemapper (Type) SELECT Type FROM Religions ORDER BY ID;
UPDATE Religions SET ID =	( SELECT IDRemapper.id-1 FROM IDRemapper WHERE Religions.Type = IDRemapper.Type);
DROP TABLE IDRemapper;
CREATE TABLE IDRemapper ( id INTEGER PRIMARY KEY AUTOINCREMENT, Type TEXT );
INSERT INTO IDRemapper (Type) SELECT Type FROM Beliefs ORDER BY ID;
UPDATE Beliefs SET ID =	( SELECT IDRemapper.id-1 FROM IDRemapper WHERE Beliefs.Type = IDRemapper.Type);
DROP TABLE IDRemapper;


INSERT INTO EaDebugTableCheck(FileName) SELECT 'Religions.sql';